wmt22-ende.comet-svd_mbr,bleu,chrf,bleurt,comet,cometkiwi
eps.4-eps.4.params-is_reduced-True-top_k_sv-1,20.229,49.511,54.2,76.0,73.3
eps.4-eps.4.params-is_reduced-True-top_k_sv-2,20.235,49.51,54.2,76.1,73.2
eps.4-eps.4.params-is_reduced-True-top_k_sv-3,20.219,49.484,54.2,76.1,73.2
eps.4-eps.4.params-is_reduced-True-top_k_sv-4,20.234,49.496,54.2,76.1,73.2
eps.4-eps.4.params-is_reduced-True-top_k_sv-5,20.234,49.496,54.2,76.1,73.2
eps.4-eps.4.params-is_reduced-True-top_k_sv-7,20.234,49.496,54.2,76.1,73.2
eps.4-eps.4.params-is_reduced-True-top_k_sv-8,20.234,49.496,54.2,76.1,73.2
eps.4-eps.4.params-is_reduced-True-top_k_sv-9,20.234,49.496,54.2,76.1,73.2
eps.4-eps.4.params-is_reduced-True-top_k_sv-10,20.234,49.496,54.2,76.1,73.2
eps.4-eps.4.params-is_reduced-True-top_k_sv-20,20.234,49.496,54.2,76.1,73.2
eps.4-eps.4.params-is_reduced-True-top_k_sv-100,20.234,49.496,54.2,76.1,73.2
eps.4-eps.4.params-is_reduced-True-top_k_sv-500,20.234,49.496,54.2,76.1,73.2
eps.4-eps.4.params-is_reduced-True-top_k_sv-800,20.234,49.496,54.2,76.1,73.2
eps.4-eps.4.params-is_reduced-True-top_k_sv-1000,20.234,49.496,54.2,76.1,73.2
eps.4-eps.4.params-is_reduced-False-top_k_sv-1,20.229,49.511,54.2,76.0,73.3
eps.4-eps.4.params-is_reduced-False-top_k_sv-2,20.235,49.51,54.2,76.1,73.2
eps.4-eps.4.params-is_reduced-False-top_k_sv-3,20.219,49.484,54.2,76.1,73.2
eps.4-eps.4.params-is_reduced-False-top_k_sv-4,20.234,49.496,54.2,76.1,73.2
eps.4-eps.4.params-is_reduced-False-top_k_sv-5,20.234,49.496,54.2,76.1,73.2
eps.4-eps.4.params-is_reduced-False-top_k_sv-7,20.234,49.496,54.2,76.1,73.2
eps.4-eps.4.params-is_reduced-False-top_k_sv-8,20.234,49.496,54.2,76.1,73.2
eps.4-eps.4.params-is_reduced-False-top_k_sv-9,20.234,49.496,54.2,76.1,73.2
eps.4-eps.4.params-is_reduced-False-top_k_sv-10,20.234,49.496,54.2,76.1,73.2
eps.4-eps.4.params-is_reduced-False-top_k_sv-20,20.234,49.496,54.2,76.1,73.2
eps.4-eps.4.params-is_reduced-False-top_k_sv-100,20.234,49.496,54.2,76.1,73.2
eps.4-eps.4.params-is_reduced-False-top_k_sv-500,20.234,49.496,54.2,76.1,73.2
eps.4-eps.4.params-is_reduced-False-top_k_sv-800,20.234,49.496,54.2,76.1,73.2
eps.4-eps.4.params-is_reduced-False-top_k_sv-1000,20.234,49.496,54.2,76.1,73.2
eps.4-eps.8.params-is_reduced-True-top_k_sv-1,20.231,49.547,54.300000000000004,76.1,73.4
eps.4-eps.8.params-is_reduced-True-top_k_sv-2,20.223,49.545,54.300000000000004,76.1,73.4
eps.4-eps.8.params-is_reduced-True-top_k_sv-3,20.246,49.555,54.300000000000004,76.1,73.4
eps.4-eps.8.params-is_reduced-True-top_k_sv-4,20.245,49.55,54.300000000000004,76.1,73.4
eps.4-eps.8.params-is_reduced-True-top_k_sv-5,20.245,49.55,54.300000000000004,76.1,73.4
eps.4-eps.8.params-is_reduced-True-top_k_sv-7,20.245,49.55,54.300000000000004,76.1,73.4
eps.4-eps.8.params-is_reduced-True-top_k_sv-8,20.245,49.55,54.300000000000004,76.1,73.4
eps.4-eps.8.params-is_reduced-True-top_k_sv-9,20.245,49.55,54.300000000000004,76.1,73.4
eps.4-eps.8.params-is_reduced-True-top_k_sv-10,20.245,49.55,54.300000000000004,76.1,73.4
eps.4-eps.8.params-is_reduced-True-top_k_sv-20,20.245,49.55,54.300000000000004,76.1,73.4
eps.4-eps.8.params-is_reduced-True-top_k_sv-100,20.245,49.55,54.300000000000004,76.1,73.4
eps.4-eps.8.params-is_reduced-True-top_k_sv-500,20.245,49.55,54.300000000000004,76.1,73.4
eps.4-eps.8.params-is_reduced-True-top_k_sv-800,20.245,49.55,54.300000000000004,76.1,73.4
eps.4-eps.8.params-is_reduced-True-top_k_sv-1000,20.245,49.55,54.300000000000004,76.1,73.4
eps.4-eps.8.params-is_reduced-False-top_k_sv-1,20.231,49.547,54.300000000000004,76.1,73.4
eps.4-eps.8.params-is_reduced-False-top_k_sv-2,20.223,49.545,54.300000000000004,76.1,73.4
eps.4-eps.8.params-is_reduced-False-top_k_sv-3,20.246,49.555,54.300000000000004,76.1,73.4
eps.4-eps.8.params-is_reduced-False-top_k_sv-4,20.245,49.55,54.300000000000004,76.1,73.4
eps.4-eps.8.params-is_reduced-False-top_k_sv-5,20.245,49.55,54.300000000000004,76.1,73.4
eps.4-eps.8.params-is_reduced-False-top_k_sv-7,20.245,49.55,54.300000000000004,76.1,73.4
eps.4-eps.8.params-is_reduced-False-top_k_sv-8,20.245,49.55,54.300000000000004,76.1,73.4
eps.4-eps.8.params-is_reduced-False-top_k_sv-9,20.245,49.55,54.300000000000004,76.1,73.4
eps.4-eps.8.params-is_reduced-False-top_k_sv-10,20.245,49.55,54.300000000000004,76.1,73.4
eps.4-eps.8.params-is_reduced-False-top_k_sv-20,20.245,49.55,54.300000000000004,76.1,73.4
eps.4-eps.8.params-is_reduced-False-top_k_sv-100,20.245,49.55,54.300000000000004,76.1,73.4
eps.4-eps.8.params-is_reduced-False-top_k_sv-500,20.245,49.55,54.300000000000004,76.1,73.4
eps.4-eps.8.params-is_reduced-False-top_k_sv-800,20.245,49.55,54.300000000000004,76.1,73.4
eps.4-eps.8.params-is_reduced-False-top_k_sv-1000,20.245,49.55,54.300000000000004,76.1,73.4
eps.4-eps.16.params-is_reduced-True-top_k_sv-1,20.295,49.612,54.2,76.1,73.4
eps.4-eps.16.params-is_reduced-True-top_k_sv-2,20.275,49.597,54.2,76.1,73.4
eps.4-eps.16.params-is_reduced-True-top_k_sv-3,20.271,49.587,54.2,76.1,73.4
eps.4-eps.16.params-is_reduced-True-top_k_sv-4,20.264,49.586,54.2,76.1,73.4
eps.4-eps.16.params-is_reduced-True-top_k_sv-5,20.264,49.586,54.2,76.1,73.4
eps.4-eps.16.params-is_reduced-True-top_k_sv-7,20.264,49.586,54.2,76.1,73.4
eps.4-eps.16.params-is_reduced-True-top_k_sv-8,20.264,49.586,54.2,76.1,73.4
eps.4-eps.16.params-is_reduced-True-top_k_sv-9,20.264,49.586,54.2,76.1,73.4
eps.4-eps.16.params-is_reduced-True-top_k_sv-10,20.264,49.586,54.2,76.1,73.4
eps.4-eps.16.params-is_reduced-True-top_k_sv-20,20.264,49.586,54.2,76.1,73.4
eps.4-eps.16.params-is_reduced-True-top_k_sv-100,20.264,49.586,54.2,76.1,73.4
eps.4-eps.16.params-is_reduced-True-top_k_sv-500,20.264,49.586,54.2,76.1,73.4
eps.4-eps.16.params-is_reduced-True-top_k_sv-800,20.264,49.586,54.2,76.1,73.4
eps.4-eps.16.params-is_reduced-True-top_k_sv-1000,20.264,49.586,54.2,76.1,73.4
eps.4-eps.16.params-is_reduced-False-top_k_sv-1,20.295,49.612,54.2,76.1,73.4
eps.4-eps.16.params-is_reduced-False-top_k_sv-2,20.275,49.597,54.2,76.1,73.4
eps.4-eps.16.params-is_reduced-False-top_k_sv-3,20.271,49.587,54.2,76.1,73.4
eps.4-eps.16.params-is_reduced-False-top_k_sv-4,20.264,49.586,54.2,76.1,73.4
eps.4-eps.16.params-is_reduced-False-top_k_sv-5,20.264,49.586,54.2,76.1,73.4
eps.4-eps.16.params-is_reduced-False-top_k_sv-7,20.264,49.586,54.2,76.1,73.4
eps.4-eps.16.params-is_reduced-False-top_k_sv-8,20.264,49.586,54.2,76.1,73.4
eps.4-eps.16.params-is_reduced-False-top_k_sv-9,20.264,49.586,54.2,76.1,73.4
eps.4-eps.16.params-is_reduced-False-top_k_sv-10,20.264,49.586,54.2,76.1,73.4
eps.4-eps.16.params-is_reduced-False-top_k_sv-20,20.264,49.586,54.2,76.1,73.4
eps.4-eps.16.params-is_reduced-False-top_k_sv-100,20.264,49.586,54.2,76.1,73.4
eps.4-eps.16.params-is_reduced-False-top_k_sv-500,20.264,49.586,54.2,76.1,73.4
eps.4-eps.16.params-is_reduced-False-top_k_sv-800,20.264,49.586,54.2,76.1,73.4
eps.4-eps.16.params-is_reduced-False-top_k_sv-1000,20.264,49.586,54.2,76.1,73.4
eps.4-eps.32.params-is_reduced-True-top_k_sv-1,20.358,49.611,54.300000000000004,76.2,73.4
eps.4-eps.32.params-is_reduced-True-top_k_sv-2,20.356,49.61,54.300000000000004,76.2,73.4
eps.4-eps.32.params-is_reduced-True-top_k_sv-3,20.319,49.603,54.300000000000004,76.2,73.4
eps.4-eps.32.params-is_reduced-True-top_k_sv-4,20.303,49.59,54.300000000000004,76.2,73.4
eps.4-eps.32.params-is_reduced-True-top_k_sv-5,20.303,49.59,54.300000000000004,76.2,73.4
eps.4-eps.32.params-is_reduced-True-top_k_sv-7,20.303,49.59,54.300000000000004,76.2,73.4
eps.4-eps.32.params-is_reduced-True-top_k_sv-8,20.303,49.59,54.300000000000004,76.2,73.4
eps.4-eps.32.params-is_reduced-True-top_k_sv-9,20.303,49.59,54.300000000000004,76.2,73.4
eps.4-eps.32.params-is_reduced-True-top_k_sv-10,20.303,49.59,54.300000000000004,76.2,73.4
eps.4-eps.32.params-is_reduced-True-top_k_sv-20,20.303,49.59,54.300000000000004,76.2,73.4
eps.4-eps.32.params-is_reduced-True-top_k_sv-100,20.303,49.59,54.300000000000004,76.2,73.4
eps.4-eps.32.params-is_reduced-True-top_k_sv-500,20.303,49.59,54.300000000000004,76.2,73.4
eps.4-eps.32.params-is_reduced-True-top_k_sv-800,20.303,49.59,54.300000000000004,76.2,73.4
eps.4-eps.32.params-is_reduced-True-top_k_sv-1000,20.303,49.59,54.300000000000004,76.2,73.4
eps.4-eps.32.params-is_reduced-False-top_k_sv-1,20.358,49.611,54.300000000000004,76.2,73.4
eps.4-eps.32.params-is_reduced-False-top_k_sv-2,20.356,49.61,54.300000000000004,76.2,73.4
eps.4-eps.32.params-is_reduced-False-top_k_sv-3,20.319,49.603,54.300000000000004,76.2,73.4
eps.4-eps.32.params-is_reduced-False-top_k_sv-4,20.303,49.59,54.300000000000004,76.2,73.4
eps.4-eps.32.params-is_reduced-False-top_k_sv-5,20.303,49.59,54.300000000000004,76.2,73.4
eps.4-eps.32.params-is_reduced-False-top_k_sv-7,20.303,49.59,54.300000000000004,76.2,73.4
eps.4-eps.32.params-is_reduced-False-top_k_sv-8,20.303,49.59,54.300000000000004,76.2,73.4
eps.4-eps.32.params-is_reduced-False-top_k_sv-9,20.303,49.59,54.300000000000004,76.2,73.4
eps.4-eps.32.params-is_reduced-False-top_k_sv-10,20.303,49.59,54.300000000000004,76.2,73.4
eps.4-eps.32.params-is_reduced-False-top_k_sv-20,20.303,49.59,54.300000000000004,76.2,73.4
eps.4-eps.32.params-is_reduced-False-top_k_sv-100,20.303,49.59,54.300000000000004,76.2,73.4
eps.4-eps.32.params-is_reduced-False-top_k_sv-500,20.303,49.59,54.300000000000004,76.2,73.4
eps.4-eps.32.params-is_reduced-False-top_k_sv-800,20.303,49.59,54.300000000000004,76.2,73.4
eps.4-eps.32.params-is_reduced-False-top_k_sv-1000,20.303,49.59,54.300000000000004,76.2,73.4
eps.4-eps.64.params-is_reduced-True-top_k_sv-1,20.296,49.613,54.300000000000004,76.2,73.4
eps.4-eps.64.params-is_reduced-True-top_k_sv-2,20.316,49.629,54.300000000000004,76.2,73.4
eps.4-eps.64.params-is_reduced-True-top_k_sv-3,20.309,49.625,54.300000000000004,76.2,73.4
eps.4-eps.64.params-is_reduced-True-top_k_sv-4,20.305,49.627,54.300000000000004,76.2,73.4
eps.4-eps.64.params-is_reduced-True-top_k_sv-5,20.305,49.627,54.300000000000004,76.2,73.4
eps.4-eps.64.params-is_reduced-True-top_k_sv-7,20.305,49.627,54.300000000000004,76.2,73.4
eps.4-eps.64.params-is_reduced-True-top_k_sv-8,20.305,49.627,54.300000000000004,76.2,73.4
eps.4-eps.64.params-is_reduced-True-top_k_sv-9,20.305,49.627,54.300000000000004,76.2,73.4
eps.4-eps.64.params-is_reduced-True-top_k_sv-10,20.305,49.627,54.300000000000004,76.2,73.4
eps.4-eps.64.params-is_reduced-True-top_k_sv-20,20.305,49.627,54.300000000000004,76.2,73.4
eps.4-eps.64.params-is_reduced-True-top_k_sv-100,20.305,49.627,54.300000000000004,76.2,73.4
eps.4-eps.64.params-is_reduced-True-top_k_sv-500,20.305,49.627,54.300000000000004,76.2,73.4
eps.4-eps.64.params-is_reduced-True-top_k_sv-800,20.305,49.627,54.300000000000004,76.2,73.4
eps.4-eps.64.params-is_reduced-True-top_k_sv-1000,20.305,49.627,54.300000000000004,76.2,73.4
eps.4-eps.64.params-is_reduced-False-top_k_sv-1,20.296,49.613,54.300000000000004,76.2,73.4
eps.4-eps.64.params-is_reduced-False-top_k_sv-2,20.316,49.629,54.300000000000004,76.2,73.4
eps.4-eps.64.params-is_reduced-False-top_k_sv-3,20.309,49.625,54.300000000000004,76.2,73.4
eps.4-eps.64.params-is_reduced-False-top_k_sv-4,20.305,49.627,54.300000000000004,76.2,73.4
eps.4-eps.64.params-is_reduced-False-top_k_sv-5,20.305,49.627,54.300000000000004,76.2,73.4
eps.4-eps.64.params-is_reduced-False-top_k_sv-7,20.305,49.627,54.300000000000004,76.2,73.4
eps.4-eps.64.params-is_reduced-False-top_k_sv-8,20.305,49.627,54.300000000000004,76.2,73.4
eps.4-eps.64.params-is_reduced-False-top_k_sv-9,20.305,49.627,54.300000000000004,76.2,73.4
eps.4-eps.64.params-is_reduced-False-top_k_sv-10,20.305,49.627,54.300000000000004,76.2,73.4
eps.4-eps.64.params-is_reduced-False-top_k_sv-20,20.305,49.627,54.300000000000004,76.2,73.4
eps.4-eps.64.params-is_reduced-False-top_k_sv-100,20.305,49.627,54.300000000000004,76.2,73.4
eps.4-eps.64.params-is_reduced-False-top_k_sv-500,20.305,49.627,54.300000000000004,76.2,73.4
eps.4-eps.64.params-is_reduced-False-top_k_sv-800,20.305,49.627,54.300000000000004,76.2,73.4
eps.4-eps.64.params-is_reduced-False-top_k_sv-1000,20.305,49.627,54.300000000000004,76.2,73.4
eps.4-eps.1024.params-is_reduced-True-top_k_sv-1,20.326,49.626,54.400000000000006,76.2,73.4
eps.4-eps.1024.params-is_reduced-True-top_k_sv-2,20.315,49.613,54.400000000000006,76.2,73.4
eps.4-eps.1024.params-is_reduced-True-top_k_sv-3,20.327,49.621,54.400000000000006,76.2,73.4
eps.4-eps.1024.params-is_reduced-True-top_k_sv-4,20.338,49.614,54.400000000000006,76.2,73.4
eps.4-eps.1024.params-is_reduced-True-top_k_sv-5,20.338,49.614,54.400000000000006,76.2,73.4
eps.4-eps.1024.params-is_reduced-True-top_k_sv-7,20.338,49.614,54.400000000000006,76.2,73.4
eps.4-eps.1024.params-is_reduced-True-top_k_sv-8,20.338,49.614,54.400000000000006,76.2,73.4
eps.4-eps.1024.params-is_reduced-True-top_k_sv-9,20.338,49.614,54.400000000000006,76.2,73.4
eps.4-eps.1024.params-is_reduced-True-top_k_sv-10,20.338,49.614,54.400000000000006,76.2,73.4
eps.4-eps.1024.params-is_reduced-True-top_k_sv-20,20.338,49.614,54.400000000000006,76.2,73.4
eps.4-eps.1024.params-is_reduced-True-top_k_sv-100,20.338,49.614,54.400000000000006,76.2,73.4
eps.4-eps.1024.params-is_reduced-True-top_k_sv-500,20.338,49.614,54.400000000000006,76.2,73.4
eps.4-eps.1024.params-is_reduced-True-top_k_sv-800,20.338,49.614,54.400000000000006,76.2,73.4
eps.4-eps.1024.params-is_reduced-True-top_k_sv-1000,20.338,49.614,54.400000000000006,76.2,73.4
eps.4-eps.1024.params-is_reduced-False-top_k_sv-1,20.326,49.626,54.400000000000006,76.2,73.4
eps.4-eps.1024.params-is_reduced-False-top_k_sv-2,20.315,49.613,54.400000000000006,76.2,73.4
eps.4-eps.1024.params-is_reduced-False-top_k_sv-3,20.327,49.621,54.400000000000006,76.2,73.4
eps.4-eps.1024.params-is_reduced-False-top_k_sv-4,20.338,49.614,54.400000000000006,76.2,73.4
eps.4-eps.1024.params-is_reduced-False-top_k_sv-5,20.338,49.614,54.400000000000006,76.2,73.4
eps.4-eps.1024.params-is_reduced-False-top_k_sv-7,20.338,49.614,54.400000000000006,76.2,73.4
eps.4-eps.1024.params-is_reduced-False-top_k_sv-8,20.338,49.614,54.400000000000006,76.2,73.4
eps.4-eps.1024.params-is_reduced-False-top_k_sv-9,20.338,49.614,54.400000000000006,76.2,73.4
eps.4-eps.1024.params-is_reduced-False-top_k_sv-10,20.338,49.614,54.400000000000006,76.2,73.4
eps.4-eps.1024.params-is_reduced-False-top_k_sv-20,20.338,49.614,54.400000000000006,76.2,73.4
eps.4-eps.1024.params-is_reduced-False-top_k_sv-100,20.338,49.614,54.400000000000006,76.2,73.4
eps.4-eps.1024.params-is_reduced-False-top_k_sv-500,20.338,49.614,54.400000000000006,76.2,73.4
eps.4-eps.1024.params-is_reduced-False-top_k_sv-800,20.338,49.614,54.400000000000006,76.2,73.4
eps.4-eps.1024.params-is_reduced-False-top_k_sv-1000,20.338,49.614,54.400000000000006,76.2,73.4
eps.8-eps.4.params-is_reduced-True-top_k_sv-1,21.099,50.211,55.1,77.9,75.1
eps.8-eps.4.params-is_reduced-True-top_k_sv-2,21.098,50.216,55.2,77.9,75.1
eps.8-eps.4.params-is_reduced-True-top_k_sv-3,21.127,50.225,55.2,77.9,75.1
eps.8-eps.4.params-is_reduced-True-top_k_sv-4,21.164,50.243,55.1,77.9,75.1
eps.8-eps.4.params-is_reduced-True-top_k_sv-5,21.164,50.243,55.1,77.9,75.1
eps.8-eps.4.params-is_reduced-True-top_k_sv-7,21.164,50.243,55.1,77.9,75.1
eps.8-eps.4.params-is_reduced-True-top_k_sv-8,21.164,50.243,55.1,77.9,75.1
eps.8-eps.4.params-is_reduced-True-top_k_sv-9,21.164,50.243,55.1,77.9,75.1
eps.8-eps.4.params-is_reduced-True-top_k_sv-10,21.164,50.243,55.1,77.9,75.1
eps.8-eps.4.params-is_reduced-True-top_k_sv-20,21.164,50.243,55.1,77.9,75.1
eps.8-eps.4.params-is_reduced-True-top_k_sv-100,21.164,50.243,55.1,77.9,75.1
eps.8-eps.4.params-is_reduced-True-top_k_sv-500,21.164,50.243,55.1,77.9,75.1
eps.8-eps.4.params-is_reduced-True-top_k_sv-800,21.164,50.243,55.1,77.9,75.1
eps.8-eps.4.params-is_reduced-True-top_k_sv-1000,21.164,50.243,55.1,77.9,75.1
eps.8-eps.4.params-is_reduced-False-top_k_sv-1,21.099,50.211,55.1,77.9,75.1
eps.8-eps.4.params-is_reduced-False-top_k_sv-2,21.098,50.216,55.2,77.9,75.1
eps.8-eps.4.params-is_reduced-False-top_k_sv-3,21.127,50.225,55.2,77.9,75.1
eps.8-eps.4.params-is_reduced-False-top_k_sv-4,21.164,50.243,55.1,77.9,75.1
eps.8-eps.4.params-is_reduced-False-top_k_sv-5,21.164,50.243,55.1,77.9,75.1
eps.8-eps.4.params-is_reduced-False-top_k_sv-7,21.164,50.243,55.1,77.9,75.1
eps.8-eps.4.params-is_reduced-False-top_k_sv-8,21.164,50.243,55.1,77.9,75.1
eps.8-eps.4.params-is_reduced-False-top_k_sv-9,21.164,50.243,55.1,77.9,75.1
eps.8-eps.4.params-is_reduced-False-top_k_sv-10,21.164,50.243,55.1,77.9,75.1
eps.8-eps.4.params-is_reduced-False-top_k_sv-20,21.164,50.243,55.1,77.9,75.1
eps.8-eps.4.params-is_reduced-False-top_k_sv-100,21.164,50.243,55.1,77.9,75.1
eps.8-eps.4.params-is_reduced-False-top_k_sv-500,21.164,50.243,55.1,77.9,75.1
eps.8-eps.4.params-is_reduced-False-top_k_sv-800,21.164,50.243,55.1,77.9,75.1
eps.8-eps.4.params-is_reduced-False-top_k_sv-1000,21.164,50.243,55.1,77.9,75.1
eps.8-eps.8.params-is_reduced-True-top_k_sv-1,21.058,50.148,55.300000000000004,78.0,75.2
eps.8-eps.8.params-is_reduced-True-top_k_sv-2,21.049,50.131,55.300000000000004,78.0,75.2
eps.8-eps.8.params-is_reduced-True-top_k_sv-3,21.035,50.116,55.300000000000004,78.0,75.2
eps.8-eps.8.params-is_reduced-True-top_k_sv-4,21.057,50.139,55.400000000000006,78.0,75.1
eps.8-eps.8.params-is_reduced-True-top_k_sv-5,21.052,50.13,55.400000000000006,78.0,75.2
eps.8-eps.8.params-is_reduced-True-top_k_sv-7,21.081,50.144,55.400000000000006,78.10000000000001,75.2
eps.8-eps.8.params-is_reduced-True-top_k_sv-8,21.061,50.123,55.400000000000006,78.10000000000001,75.1
eps.8-eps.8.params-is_reduced-True-top_k_sv-9,21.061,50.123,55.400000000000006,78.10000000000001,75.1
eps.8-eps.8.params-is_reduced-True-top_k_sv-10,21.061,50.123,55.400000000000006,78.10000000000001,75.1
eps.8-eps.8.params-is_reduced-True-top_k_sv-20,21.061,50.123,55.400000000000006,78.10000000000001,75.1
eps.8-eps.8.params-is_reduced-True-top_k_sv-100,21.061,50.123,55.400000000000006,78.10000000000001,75.1
eps.8-eps.8.params-is_reduced-True-top_k_sv-500,21.061,50.123,55.400000000000006,78.10000000000001,75.1
eps.8-eps.8.params-is_reduced-True-top_k_sv-800,21.061,50.123,55.400000000000006,78.10000000000001,75.1
eps.8-eps.8.params-is_reduced-True-top_k_sv-1000,21.061,50.123,55.400000000000006,78.10000000000001,75.1
eps.8-eps.8.params-is_reduced-False-top_k_sv-1,21.058,50.148,55.300000000000004,78.0,75.2
eps.8-eps.8.params-is_reduced-False-top_k_sv-2,21.049,50.131,55.300000000000004,78.0,75.2
eps.8-eps.8.params-is_reduced-False-top_k_sv-3,21.035,50.116,55.300000000000004,78.0,75.2
eps.8-eps.8.params-is_reduced-False-top_k_sv-4,21.057,50.139,55.400000000000006,78.0,75.1
eps.8-eps.8.params-is_reduced-False-top_k_sv-5,21.052,50.13,55.400000000000006,78.0,75.2
eps.8-eps.8.params-is_reduced-False-top_k_sv-7,21.081,50.144,55.400000000000006,78.10000000000001,75.2
eps.8-eps.8.params-is_reduced-False-top_k_sv-8,21.061,50.123,55.400000000000006,78.10000000000001,75.1
eps.8-eps.8.params-is_reduced-False-top_k_sv-9,21.061,50.123,55.400000000000006,78.10000000000001,75.1
eps.8-eps.8.params-is_reduced-False-top_k_sv-10,21.061,50.123,55.400000000000006,78.10000000000001,75.1
eps.8-eps.8.params-is_reduced-False-top_k_sv-20,21.061,50.123,55.400000000000006,78.10000000000001,75.1
eps.8-eps.8.params-is_reduced-False-top_k_sv-100,21.061,50.123,55.400000000000006,78.10000000000001,75.1
eps.8-eps.8.params-is_reduced-False-top_k_sv-500,21.061,50.123,55.400000000000006,78.10000000000001,75.1
eps.8-eps.8.params-is_reduced-False-top_k_sv-800,21.061,50.123,55.400000000000006,78.10000000000001,75.1
eps.8-eps.8.params-is_reduced-False-top_k_sv-1000,21.061,50.123,55.400000000000006,78.10000000000001,75.1
eps.8-eps.16.params-is_reduced-True-top_k_sv-1,21.124,50.254,55.400000000000006,78.10000000000001,75.3
eps.8-eps.16.params-is_reduced-True-top_k_sv-2,21.113,50.229,55.300000000000004,78.10000000000001,75.3
eps.8-eps.16.params-is_reduced-True-top_k_sv-3,21.118,50.235,55.400000000000006,78.10000000000001,75.3
eps.8-eps.16.params-is_reduced-True-top_k_sv-4,21.119,50.237,55.400000000000006,78.10000000000001,75.3
eps.8-eps.16.params-is_reduced-True-top_k_sv-5,21.128,50.242,55.400000000000006,78.10000000000001,75.3
eps.8-eps.16.params-is_reduced-True-top_k_sv-7,21.126,50.242,55.400000000000006,78.10000000000001,75.3
eps.8-eps.16.params-is_reduced-True-top_k_sv-8,21.129,50.245,55.400000000000006,78.10000000000001,75.3
eps.8-eps.16.params-is_reduced-True-top_k_sv-9,21.129,50.245,55.400000000000006,78.10000000000001,75.3
eps.8-eps.16.params-is_reduced-True-top_k_sv-10,21.129,50.245,55.400000000000006,78.10000000000001,75.3
eps.8-eps.16.params-is_reduced-True-top_k_sv-20,21.129,50.245,55.400000000000006,78.10000000000001,75.3
eps.8-eps.16.params-is_reduced-True-top_k_sv-100,21.129,50.245,55.400000000000006,78.10000000000001,75.3
eps.8-eps.16.params-is_reduced-True-top_k_sv-500,21.129,50.245,55.400000000000006,78.10000000000001,75.3
eps.8-eps.16.params-is_reduced-True-top_k_sv-800,21.129,50.245,55.400000000000006,78.10000000000001,75.3
eps.8-eps.16.params-is_reduced-True-top_k_sv-1000,21.129,50.245,55.400000000000006,78.10000000000001,75.3
eps.8-eps.16.params-is_reduced-False-top_k_sv-1,21.124,50.254,55.400000000000006,78.10000000000001,75.3
eps.8-eps.16.params-is_reduced-False-top_k_sv-2,21.113,50.229,55.300000000000004,78.10000000000001,75.3
eps.8-eps.16.params-is_reduced-False-top_k_sv-3,21.118,50.235,55.400000000000006,78.10000000000001,75.3
eps.8-eps.16.params-is_reduced-False-top_k_sv-4,21.119,50.237,55.400000000000006,78.10000000000001,75.3
eps.8-eps.16.params-is_reduced-False-top_k_sv-5,21.128,50.242,55.400000000000006,78.10000000000001,75.3
eps.8-eps.16.params-is_reduced-False-top_k_sv-7,21.126,50.242,55.400000000000006,78.10000000000001,75.3
eps.8-eps.16.params-is_reduced-False-top_k_sv-8,21.129,50.245,55.400000000000006,78.10000000000001,75.3
eps.8-eps.16.params-is_reduced-False-top_k_sv-9,21.129,50.245,55.400000000000006,78.10000000000001,75.3
eps.8-eps.16.params-is_reduced-False-top_k_sv-10,21.129,50.245,55.400000000000006,78.10000000000001,75.3
eps.8-eps.16.params-is_reduced-False-top_k_sv-20,21.129,50.245,55.400000000000006,78.10000000000001,75.3
eps.8-eps.16.params-is_reduced-False-top_k_sv-100,21.129,50.245,55.400000000000006,78.10000000000001,75.3
eps.8-eps.16.params-is_reduced-False-top_k_sv-500,21.129,50.245,55.400000000000006,78.10000000000001,75.3
eps.8-eps.16.params-is_reduced-False-top_k_sv-800,21.129,50.245,55.400000000000006,78.10000000000001,75.3
eps.8-eps.16.params-is_reduced-False-top_k_sv-1000,21.129,50.245,55.400000000000006,78.10000000000001,75.3
eps.8-eps.32.params-is_reduced-True-top_k_sv-1,21.17,50.252,55.400000000000006,78.10000000000001,75.3
eps.8-eps.32.params-is_reduced-True-top_k_sv-2,21.162,50.248,55.400000000000006,78.10000000000001,75.3
eps.8-eps.32.params-is_reduced-True-top_k_sv-3,21.16,50.249,55.400000000000006,78.10000000000001,75.3
eps.8-eps.32.params-is_reduced-True-top_k_sv-4,21.149,50.241,55.400000000000006,78.10000000000001,75.3
eps.8-eps.32.params-is_reduced-True-top_k_sv-5,21.158,50.241,55.400000000000006,78.10000000000001,75.3
eps.8-eps.32.params-is_reduced-True-top_k_sv-7,21.148,50.243,55.400000000000006,78.10000000000001,75.3
eps.8-eps.32.params-is_reduced-True-top_k_sv-8,21.148,50.243,55.400000000000006,78.10000000000001,75.3
eps.8-eps.32.params-is_reduced-True-top_k_sv-9,21.148,50.243,55.400000000000006,78.10000000000001,75.3
eps.8-eps.32.params-is_reduced-True-top_k_sv-10,21.148,50.243,55.400000000000006,78.10000000000001,75.3
eps.8-eps.32.params-is_reduced-True-top_k_sv-20,21.148,50.243,55.400000000000006,78.10000000000001,75.3
eps.8-eps.32.params-is_reduced-True-top_k_sv-100,21.148,50.243,55.400000000000006,78.10000000000001,75.3
eps.8-eps.32.params-is_reduced-True-top_k_sv-500,21.148,50.243,55.400000000000006,78.10000000000001,75.3
eps.8-eps.32.params-is_reduced-True-top_k_sv-800,21.148,50.243,55.400000000000006,78.10000000000001,75.3
eps.8-eps.32.params-is_reduced-True-top_k_sv-1000,21.148,50.243,55.400000000000006,78.10000000000001,75.3
eps.8-eps.32.params-is_reduced-False-top_k_sv-1,21.17,50.252,55.400000000000006,78.10000000000001,75.3
eps.8-eps.32.params-is_reduced-False-top_k_sv-2,21.162,50.248,55.400000000000006,78.10000000000001,75.3
eps.8-eps.32.params-is_reduced-False-top_k_sv-3,21.16,50.249,55.400000000000006,78.10000000000001,75.3
eps.8-eps.32.params-is_reduced-False-top_k_sv-4,21.149,50.241,55.400000000000006,78.10000000000001,75.3
eps.8-eps.32.params-is_reduced-False-top_k_sv-5,21.158,50.241,55.400000000000006,78.10000000000001,75.3
eps.8-eps.32.params-is_reduced-False-top_k_sv-7,21.15,50.245,55.400000000000006,78.10000000000001,75.3
eps.8-eps.32.params-is_reduced-False-top_k_sv-8,21.15,50.245,55.400000000000006,78.10000000000001,75.3
eps.8-eps.32.params-is_reduced-False-top_k_sv-9,21.15,50.245,55.400000000000006,78.10000000000001,75.3
eps.8-eps.32.params-is_reduced-False-top_k_sv-10,21.15,50.245,55.400000000000006,78.10000000000001,75.3
eps.8-eps.32.params-is_reduced-False-top_k_sv-20,21.15,50.245,55.400000000000006,78.10000000000001,75.3
eps.8-eps.32.params-is_reduced-False-top_k_sv-100,21.15,50.245,55.400000000000006,78.10000000000001,75.3
eps.8-eps.32.params-is_reduced-False-top_k_sv-500,21.15,50.245,55.400000000000006,78.10000000000001,75.3
eps.8-eps.32.params-is_reduced-False-top_k_sv-800,21.15,50.245,55.400000000000006,78.10000000000001,75.3
eps.8-eps.32.params-is_reduced-False-top_k_sv-1000,21.15,50.245,55.400000000000006,78.10000000000001,75.3
eps.8-eps.64.params-is_reduced-True-top_k_sv-1,21.172,50.218,55.400000000000006,78.2,75.2
eps.8-eps.64.params-is_reduced-True-top_k_sv-2,21.154,50.215,55.400000000000006,78.2,75.2
eps.8-eps.64.params-is_reduced-True-top_k_sv-3,21.146,50.204,55.400000000000006,78.2,75.2
eps.8-eps.64.params-is_reduced-True-top_k_sv-4,21.143,50.203,55.400000000000006,78.2,75.2
eps.8-eps.64.params-is_reduced-True-top_k_sv-5,21.146,50.206,55.50000000000001,78.2,75.2
eps.8-eps.64.params-is_reduced-True-top_k_sv-7,21.138,50.202,55.400000000000006,78.2,75.2
eps.8-eps.64.params-is_reduced-True-top_k_sv-8,21.138,50.202,55.400000000000006,78.2,75.2
eps.8-eps.64.params-is_reduced-True-top_k_sv-9,21.138,50.202,55.400000000000006,78.2,75.2
eps.8-eps.64.params-is_reduced-True-top_k_sv-10,21.138,50.202,55.400000000000006,78.2,75.2
eps.8-eps.64.params-is_reduced-True-top_k_sv-20,21.138,50.202,55.400000000000006,78.2,75.2
eps.8-eps.64.params-is_reduced-True-top_k_sv-100,21.138,50.202,55.400000000000006,78.2,75.2
eps.8-eps.64.params-is_reduced-True-top_k_sv-500,21.138,50.202,55.400000000000006,78.2,75.2
eps.8-eps.64.params-is_reduced-True-top_k_sv-800,21.138,50.202,55.400000000000006,78.2,75.2
eps.8-eps.64.params-is_reduced-True-top_k_sv-1000,21.138,50.202,55.400000000000006,78.2,75.2
eps.8-eps.64.params-is_reduced-False-top_k_sv-1,21.172,50.218,55.400000000000006,78.2,75.2
eps.8-eps.64.params-is_reduced-False-top_k_sv-2,21.154,50.215,55.400000000000006,78.2,75.2
eps.8-eps.64.params-is_reduced-False-top_k_sv-3,21.146,50.204,55.400000000000006,78.2,75.2
eps.8-eps.64.params-is_reduced-False-top_k_sv-4,21.143,50.203,55.400000000000006,78.2,75.2
eps.8-eps.64.params-is_reduced-False-top_k_sv-5,21.146,50.206,55.50000000000001,78.2,75.2
eps.8-eps.64.params-is_reduced-False-top_k_sv-7,21.138,50.202,55.400000000000006,78.2,75.2
eps.8-eps.64.params-is_reduced-False-top_k_sv-8,21.138,50.202,55.400000000000006,78.2,75.2
eps.8-eps.64.params-is_reduced-False-top_k_sv-9,21.138,50.202,55.400000000000006,78.2,75.2
eps.8-eps.64.params-is_reduced-False-top_k_sv-10,21.138,50.202,55.400000000000006,78.2,75.2
eps.8-eps.64.params-is_reduced-False-top_k_sv-20,21.138,50.202,55.400000000000006,78.2,75.2
eps.8-eps.64.params-is_reduced-False-top_k_sv-100,21.138,50.202,55.400000000000006,78.2,75.2
eps.8-eps.64.params-is_reduced-False-top_k_sv-500,21.138,50.202,55.400000000000006,78.2,75.2
eps.8-eps.64.params-is_reduced-False-top_k_sv-800,21.138,50.202,55.400000000000006,78.2,75.2
eps.8-eps.64.params-is_reduced-False-top_k_sv-1000,21.138,50.202,55.400000000000006,78.2,75.2
eps.8-eps.1024.params-is_reduced-True-top_k_sv-1,21.249,50.337,55.50000000000001,78.2,75.3
eps.8-eps.1024.params-is_reduced-True-top_k_sv-2,21.242,50.334,55.50000000000001,78.2,75.3
eps.8-eps.1024.params-is_reduced-True-top_k_sv-3,21.236,50.327,55.50000000000001,78.2,75.3
eps.8-eps.1024.params-is_reduced-True-top_k_sv-4,21.238,50.332,55.50000000000001,78.2,75.3
eps.8-eps.1024.params-is_reduced-True-top_k_sv-5,21.229,50.33,55.50000000000001,78.2,75.3
eps.8-eps.1024.params-is_reduced-True-top_k_sv-7,21.225,50.323,55.50000000000001,78.2,75.3
eps.8-eps.1024.params-is_reduced-True-top_k_sv-8,21.232,50.332,55.50000000000001,78.2,75.3
eps.8-eps.1024.params-is_reduced-True-top_k_sv-9,21.232,50.332,55.50000000000001,78.2,75.3
eps.8-eps.1024.params-is_reduced-True-top_k_sv-10,21.232,50.332,55.50000000000001,78.2,75.3
eps.8-eps.1024.params-is_reduced-True-top_k_sv-20,21.232,50.332,55.50000000000001,78.2,75.3
eps.8-eps.1024.params-is_reduced-True-top_k_sv-100,21.232,50.332,55.50000000000001,78.2,75.3
eps.8-eps.1024.params-is_reduced-True-top_k_sv-500,21.232,50.332,55.50000000000001,78.2,75.3
eps.8-eps.1024.params-is_reduced-True-top_k_sv-800,21.232,50.332,55.50000000000001,78.2,75.3
eps.8-eps.1024.params-is_reduced-True-top_k_sv-1000,21.232,50.332,55.50000000000001,78.2,75.3
eps.8-eps.1024.params-is_reduced-False-top_k_sv-1,21.249,50.337,55.50000000000001,78.2,75.3
eps.8-eps.1024.params-is_reduced-False-top_k_sv-2,21.242,50.334,55.50000000000001,78.2,75.3
eps.8-eps.1024.params-is_reduced-False-top_k_sv-3,21.236,50.327,55.50000000000001,78.2,75.3
eps.8-eps.1024.params-is_reduced-False-top_k_sv-4,21.238,50.332,55.50000000000001,78.2,75.3
eps.8-eps.1024.params-is_reduced-False-top_k_sv-5,21.229,50.33,55.50000000000001,78.2,75.3
eps.8-eps.1024.params-is_reduced-False-top_k_sv-7,21.225,50.323,55.50000000000001,78.2,75.3
eps.8-eps.1024.params-is_reduced-False-top_k_sv-8,21.232,50.332,55.50000000000001,78.2,75.3
eps.8-eps.1024.params-is_reduced-False-top_k_sv-9,21.232,50.332,55.50000000000001,78.2,75.3
eps.8-eps.1024.params-is_reduced-False-top_k_sv-10,21.232,50.332,55.50000000000001,78.2,75.3
eps.8-eps.1024.params-is_reduced-False-top_k_sv-20,21.232,50.332,55.50000000000001,78.2,75.3
eps.8-eps.1024.params-is_reduced-False-top_k_sv-100,21.232,50.332,55.50000000000001,78.2,75.3
eps.8-eps.1024.params-is_reduced-False-top_k_sv-500,21.232,50.332,55.50000000000001,78.2,75.3
eps.8-eps.1024.params-is_reduced-False-top_k_sv-800,21.232,50.332,55.50000000000001,78.2,75.3
eps.8-eps.1024.params-is_reduced-False-top_k_sv-1000,21.232,50.332,55.50000000000001,78.2,75.3
eps.16-eps.4.params-is_reduced-True-top_k_sv-1,21.93,50.733,56.00000000000001,79.5,76.2
eps.16-eps.4.params-is_reduced-True-top_k_sv-2,21.938,50.744,56.10000000000001,79.5,76.2
eps.16-eps.4.params-is_reduced-True-top_k_sv-3,21.946,50.747,56.10000000000001,79.5,76.2
eps.16-eps.4.params-is_reduced-True-top_k_sv-4,21.919,50.73,56.10000000000001,79.5,76.2
eps.16-eps.4.params-is_reduced-True-top_k_sv-5,21.919,50.73,56.10000000000001,79.5,76.2
eps.16-eps.4.params-is_reduced-True-top_k_sv-7,21.919,50.73,56.10000000000001,79.5,76.2
eps.16-eps.4.params-is_reduced-True-top_k_sv-8,21.919,50.73,56.10000000000001,79.5,76.2
eps.16-eps.4.params-is_reduced-True-top_k_sv-9,21.919,50.73,56.10000000000001,79.5,76.2
eps.16-eps.4.params-is_reduced-True-top_k_sv-10,21.919,50.73,56.10000000000001,79.5,76.2
eps.16-eps.4.params-is_reduced-True-top_k_sv-20,21.919,50.73,56.10000000000001,79.5,76.2
eps.16-eps.4.params-is_reduced-True-top_k_sv-100,21.919,50.73,56.10000000000001,79.5,76.2
eps.16-eps.4.params-is_reduced-True-top_k_sv-500,21.919,50.73,56.10000000000001,79.5,76.2
eps.16-eps.4.params-is_reduced-True-top_k_sv-800,21.919,50.73,56.10000000000001,79.5,76.2
eps.16-eps.4.params-is_reduced-True-top_k_sv-1000,21.919,50.73,56.10000000000001,79.5,76.2
eps.16-eps.4.params-is_reduced-False-top_k_sv-1,21.93,50.733,56.00000000000001,79.5,76.2
eps.16-eps.4.params-is_reduced-False-top_k_sv-2,21.938,50.744,56.10000000000001,79.5,76.2
eps.16-eps.4.params-is_reduced-False-top_k_sv-3,21.946,50.747,56.10000000000001,79.5,76.2
eps.16-eps.4.params-is_reduced-False-top_k_sv-4,21.919,50.73,56.10000000000001,79.5,76.2
eps.16-eps.4.params-is_reduced-False-top_k_sv-5,21.919,50.73,56.10000000000001,79.5,76.2
eps.16-eps.4.params-is_reduced-False-top_k_sv-7,21.919,50.73,56.10000000000001,79.5,76.2
eps.16-eps.4.params-is_reduced-False-top_k_sv-8,21.919,50.73,56.10000000000001,79.5,76.2
eps.16-eps.4.params-is_reduced-False-top_k_sv-9,21.919,50.73,56.10000000000001,79.5,76.2
eps.16-eps.4.params-is_reduced-False-top_k_sv-10,21.919,50.73,56.10000000000001,79.5,76.2
eps.16-eps.4.params-is_reduced-False-top_k_sv-20,21.919,50.73,56.10000000000001,79.5,76.2
eps.16-eps.4.params-is_reduced-False-top_k_sv-100,21.919,50.73,56.10000000000001,79.5,76.2
eps.16-eps.4.params-is_reduced-False-top_k_sv-500,21.919,50.73,56.10000000000001,79.5,76.2
eps.16-eps.4.params-is_reduced-False-top_k_sv-800,21.919,50.73,56.10000000000001,79.5,76.2
eps.16-eps.4.params-is_reduced-False-top_k_sv-1000,21.919,50.73,56.10000000000001,79.5,76.2
eps.16-eps.8.params-is_reduced-True-top_k_sv-1,22.141,50.969,56.3,79.60000000000001,76.3
eps.16-eps.8.params-is_reduced-True-top_k_sv-2,22.135,50.97,56.3,79.60000000000001,76.3
eps.16-eps.8.params-is_reduced-True-top_k_sv-3,22.135,50.956,56.3,79.60000000000001,76.3
eps.16-eps.8.params-is_reduced-True-top_k_sv-4,22.133,50.953,56.3,79.60000000000001,76.3
eps.16-eps.8.params-is_reduced-True-top_k_sv-5,22.136,50.954,56.3,79.60000000000001,76.3
eps.16-eps.8.params-is_reduced-True-top_k_sv-7,22.144,50.949,56.3,79.60000000000001,76.3
eps.16-eps.8.params-is_reduced-True-top_k_sv-8,22.126,50.95,56.3,79.60000000000001,76.3
eps.16-eps.8.params-is_reduced-True-top_k_sv-9,22.126,50.95,56.3,79.60000000000001,76.3
eps.16-eps.8.params-is_reduced-True-top_k_sv-10,22.126,50.95,56.3,79.60000000000001,76.3
eps.16-eps.8.params-is_reduced-True-top_k_sv-20,22.126,50.95,56.3,79.60000000000001,76.3
eps.16-eps.8.params-is_reduced-True-top_k_sv-100,22.126,50.95,56.3,79.60000000000001,76.3
eps.16-eps.8.params-is_reduced-True-top_k_sv-500,22.126,50.95,56.3,79.60000000000001,76.3
eps.16-eps.8.params-is_reduced-True-top_k_sv-800,22.126,50.95,56.3,79.60000000000001,76.3
eps.16-eps.8.params-is_reduced-True-top_k_sv-1000,22.126,50.95,56.3,79.60000000000001,76.3
eps.16-eps.8.params-is_reduced-False-top_k_sv-1,22.141,50.969,56.3,79.60000000000001,76.3
eps.16-eps.8.params-is_reduced-False-top_k_sv-2,22.135,50.97,56.3,79.60000000000001,76.3
eps.16-eps.8.params-is_reduced-False-top_k_sv-3,22.135,50.956,56.3,79.60000000000001,76.3
eps.16-eps.8.params-is_reduced-False-top_k_sv-4,22.133,50.953,56.3,79.60000000000001,76.3
eps.16-eps.8.params-is_reduced-False-top_k_sv-5,22.136,50.954,56.3,79.60000000000001,76.3
eps.16-eps.8.params-is_reduced-False-top_k_sv-7,22.144,50.949,56.3,79.60000000000001,76.3
eps.16-eps.8.params-is_reduced-False-top_k_sv-8,22.126,50.95,56.3,79.60000000000001,76.3
eps.16-eps.8.params-is_reduced-False-top_k_sv-9,22.126,50.95,56.3,79.60000000000001,76.3
eps.16-eps.8.params-is_reduced-False-top_k_sv-10,22.126,50.95,56.3,79.60000000000001,76.3
eps.16-eps.8.params-is_reduced-False-top_k_sv-20,22.126,50.95,56.3,79.60000000000001,76.3
eps.16-eps.8.params-is_reduced-False-top_k_sv-100,22.126,50.95,56.3,79.60000000000001,76.3
eps.16-eps.8.params-is_reduced-False-top_k_sv-500,22.126,50.95,56.3,79.60000000000001,76.3
eps.16-eps.8.params-is_reduced-False-top_k_sv-800,22.126,50.95,56.3,79.60000000000001,76.3
eps.16-eps.8.params-is_reduced-False-top_k_sv-1000,22.126,50.95,56.3,79.60000000000001,76.3
eps.16-eps.16.params-is_reduced-True-top_k_sv-1,22.037,50.88,56.39999999999999,79.80000000000001,76.5
eps.16-eps.16.params-is_reduced-True-top_k_sv-2,22.054,50.882,56.39999999999999,79.80000000000001,76.5
eps.16-eps.16.params-is_reduced-True-top_k_sv-3,22.051,50.882,56.39999999999999,79.80000000000001,76.5
eps.16-eps.16.params-is_reduced-True-top_k_sv-4,22.044,50.877,56.39999999999999,79.80000000000001,76.5
eps.16-eps.16.params-is_reduced-True-top_k_sv-5,22.035,50.879,56.39999999999999,79.80000000000001,76.5
eps.16-eps.16.params-is_reduced-True-top_k_sv-7,22.033,50.88,56.39999999999999,79.80000000000001,76.5
eps.16-eps.16.params-is_reduced-True-top_k_sv-8,22.034,50.88,56.39999999999999,79.80000000000001,76.5
eps.16-eps.16.params-is_reduced-True-top_k_sv-9,22.031,50.874,56.39999999999999,79.80000000000001,76.5
eps.16-eps.16.params-is_reduced-True-top_k_sv-10,22.035,50.875,56.39999999999999,79.80000000000001,76.5
eps.16-eps.16.params-is_reduced-True-top_k_sv-20,22.042,50.9,56.39999999999999,79.80000000000001,76.5
eps.16-eps.16.params-is_reduced-True-top_k_sv-100,22.042,50.9,56.39999999999999,79.80000000000001,76.5
eps.16-eps.16.params-is_reduced-True-top_k_sv-500,22.042,50.9,56.39999999999999,79.80000000000001,76.5
eps.16-eps.16.params-is_reduced-True-top_k_sv-800,22.042,50.9,56.39999999999999,79.80000000000001,76.5
eps.16-eps.16.params-is_reduced-True-top_k_sv-1000,22.042,50.9,56.39999999999999,79.80000000000001,76.5
eps.16-eps.16.params-is_reduced-False-top_k_sv-1,22.037,50.88,56.39999999999999,79.80000000000001,76.5
eps.16-eps.16.params-is_reduced-False-top_k_sv-2,22.054,50.882,56.39999999999999,79.80000000000001,76.5
eps.16-eps.16.params-is_reduced-False-top_k_sv-3,22.051,50.882,56.39999999999999,79.80000000000001,76.5
eps.16-eps.16.params-is_reduced-False-top_k_sv-4,22.044,50.877,56.39999999999999,79.80000000000001,76.5
eps.16-eps.16.params-is_reduced-False-top_k_sv-5,22.035,50.879,56.39999999999999,79.80000000000001,76.5
eps.16-eps.16.params-is_reduced-False-top_k_sv-7,22.033,50.88,56.39999999999999,79.80000000000001,76.5
eps.16-eps.16.params-is_reduced-False-top_k_sv-8,22.034,50.88,56.39999999999999,79.80000000000001,76.5
eps.16-eps.16.params-is_reduced-False-top_k_sv-9,22.031,50.874,56.39999999999999,79.80000000000001,76.5
eps.16-eps.16.params-is_reduced-False-top_k_sv-10,22.035,50.875,56.39999999999999,79.80000000000001,76.5
eps.16-eps.16.params-is_reduced-False-top_k_sv-20,22.042,50.9,56.39999999999999,79.80000000000001,76.5
eps.16-eps.16.params-is_reduced-False-top_k_sv-100,22.042,50.9,56.39999999999999,79.80000000000001,76.5
eps.16-eps.16.params-is_reduced-False-top_k_sv-500,22.042,50.9,56.39999999999999,79.80000000000001,76.5
eps.16-eps.16.params-is_reduced-False-top_k_sv-800,22.042,50.9,56.39999999999999,79.80000000000001,76.5
eps.16-eps.16.params-is_reduced-False-top_k_sv-1000,22.042,50.9,56.39999999999999,79.80000000000001,76.5
eps.16-eps.32.params-is_reduced-True-top_k_sv-1,22.207,51.01,56.39999999999999,79.80000000000001,76.4
eps.16-eps.32.params-is_reduced-True-top_k_sv-2,22.217,51.03,56.49999999999999,79.9,76.5
eps.16-eps.32.params-is_reduced-True-top_k_sv-3,22.209,51.019,56.49999999999999,79.80000000000001,76.5
eps.16-eps.32.params-is_reduced-True-top_k_sv-4,22.224,51.039,56.49999999999999,79.80000000000001,76.5
eps.16-eps.32.params-is_reduced-True-top_k_sv-5,22.212,51.03,56.49999999999999,79.80000000000001,76.5
eps.16-eps.32.params-is_reduced-True-top_k_sv-7,22.212,51.034,56.49999999999999,79.80000000000001,76.5
eps.16-eps.32.params-is_reduced-True-top_k_sv-8,22.209,51.032,56.49999999999999,79.80000000000001,76.5
eps.16-eps.32.params-is_reduced-True-top_k_sv-9,22.206,51.032,56.49999999999999,79.80000000000001,76.5
eps.16-eps.32.params-is_reduced-True-top_k_sv-10,22.2,51.025,56.49999999999999,79.80000000000001,76.5
eps.16-eps.32.params-is_reduced-True-top_k_sv-20,22.2,51.025,56.49999999999999,79.80000000000001,76.5
eps.16-eps.32.params-is_reduced-True-top_k_sv-100,22.2,51.025,56.49999999999999,79.80000000000001,76.5
eps.16-eps.32.params-is_reduced-True-top_k_sv-500,22.2,51.025,56.49999999999999,79.80000000000001,76.5
eps.16-eps.32.params-is_reduced-True-top_k_sv-800,22.2,51.025,56.49999999999999,79.80000000000001,76.5
eps.16-eps.32.params-is_reduced-True-top_k_sv-1000,22.2,51.025,56.49999999999999,79.80000000000001,76.5
eps.16-eps.32.params-is_reduced-False-top_k_sv-1,22.207,51.01,56.39999999999999,79.80000000000001,76.4
eps.16-eps.32.params-is_reduced-False-top_k_sv-2,22.217,51.03,56.49999999999999,79.9,76.5
eps.16-eps.32.params-is_reduced-False-top_k_sv-3,22.209,51.019,56.49999999999999,79.80000000000001,76.5
eps.16-eps.32.params-is_reduced-False-top_k_sv-4,22.224,51.039,56.49999999999999,79.80000000000001,76.5
eps.16-eps.32.params-is_reduced-False-top_k_sv-5,22.212,51.03,56.49999999999999,79.80000000000001,76.5
eps.16-eps.32.params-is_reduced-False-top_k_sv-7,22.212,51.034,56.49999999999999,79.80000000000001,76.5
eps.16-eps.32.params-is_reduced-False-top_k_sv-8,22.209,51.032,56.49999999999999,79.80000000000001,76.5
eps.16-eps.32.params-is_reduced-False-top_k_sv-9,22.206,51.032,56.49999999999999,79.80000000000001,76.5
eps.16-eps.32.params-is_reduced-False-top_k_sv-10,22.2,51.025,56.49999999999999,79.80000000000001,76.5
eps.16-eps.32.params-is_reduced-False-top_k_sv-20,22.2,51.025,56.49999999999999,79.80000000000001,76.5
eps.16-eps.32.params-is_reduced-False-top_k_sv-100,22.2,51.025,56.49999999999999,79.80000000000001,76.5
eps.16-eps.32.params-is_reduced-False-top_k_sv-500,22.2,51.025,56.49999999999999,79.80000000000001,76.5
eps.16-eps.32.params-is_reduced-False-top_k_sv-800,22.2,51.025,56.49999999999999,79.80000000000001,76.5
eps.16-eps.32.params-is_reduced-False-top_k_sv-1000,22.2,51.025,56.49999999999999,79.80000000000001,76.5
eps.16-eps.64.params-is_reduced-True-top_k_sv-1,22.222,50.984,56.39999999999999,79.9,76.4
eps.16-eps.64.params-is_reduced-True-top_k_sv-2,22.226,50.995,56.39999999999999,79.9,76.4
eps.16-eps.64.params-is_reduced-True-top_k_sv-3,22.217,50.983,56.39999999999999,79.9,76.4
eps.16-eps.64.params-is_reduced-True-top_k_sv-4,22.204,50.974,56.39999999999999,79.9,76.4
eps.16-eps.64.params-is_reduced-True-top_k_sv-5,22.203,50.975,56.39999999999999,79.9,76.4
eps.16-eps.64.params-is_reduced-True-top_k_sv-7,22.203,50.975,56.39999999999999,79.9,76.4
eps.16-eps.64.params-is_reduced-True-top_k_sv-8,22.201,50.973,56.39999999999999,79.9,76.4
eps.16-eps.64.params-is_reduced-True-top_k_sv-9,22.201,50.973,56.39999999999999,79.9,76.4
eps.16-eps.64.params-is_reduced-True-top_k_sv-10,22.201,50.973,56.39999999999999,79.9,76.4
eps.16-eps.64.params-is_reduced-True-top_k_sv-20,22.205,50.977,56.39999999999999,79.9,76.4
eps.16-eps.64.params-is_reduced-True-top_k_sv-100,22.205,50.977,56.39999999999999,79.9,76.4
eps.16-eps.64.params-is_reduced-True-top_k_sv-500,22.205,50.977,56.39999999999999,79.9,76.4
eps.16-eps.64.params-is_reduced-True-top_k_sv-800,22.205,50.977,56.39999999999999,79.9,76.4
eps.16-eps.64.params-is_reduced-True-top_k_sv-1000,22.205,50.977,56.39999999999999,79.9,76.4
eps.16-eps.64.params-is_reduced-False-top_k_sv-1,22.222,50.984,56.39999999999999,79.9,76.4
eps.16-eps.64.params-is_reduced-False-top_k_sv-2,22.226,50.995,56.39999999999999,79.9,76.4
eps.16-eps.64.params-is_reduced-False-top_k_sv-3,22.217,50.983,56.39999999999999,79.9,76.4
eps.16-eps.64.params-is_reduced-False-top_k_sv-4,22.204,50.974,56.39999999999999,79.9,76.4
eps.16-eps.64.params-is_reduced-False-top_k_sv-5,22.203,50.975,56.39999999999999,79.9,76.4
eps.16-eps.64.params-is_reduced-False-top_k_sv-7,22.203,50.975,56.39999999999999,79.9,76.4
eps.16-eps.64.params-is_reduced-False-top_k_sv-8,22.201,50.973,56.39999999999999,79.9,76.4
eps.16-eps.64.params-is_reduced-False-top_k_sv-9,22.201,50.973,56.39999999999999,79.9,76.4
eps.16-eps.64.params-is_reduced-False-top_k_sv-10,22.201,50.973,56.39999999999999,79.9,76.4
eps.16-eps.64.params-is_reduced-False-top_k_sv-20,22.205,50.977,56.39999999999999,79.9,76.4
eps.16-eps.64.params-is_reduced-False-top_k_sv-100,22.205,50.977,56.39999999999999,79.9,76.4
eps.16-eps.64.params-is_reduced-False-top_k_sv-500,22.205,50.977,56.39999999999999,79.9,76.4
eps.16-eps.64.params-is_reduced-False-top_k_sv-800,22.205,50.977,56.39999999999999,79.9,76.4
eps.16-eps.64.params-is_reduced-False-top_k_sv-1000,22.205,50.977,56.39999999999999,79.9,76.4
eps.16-eps.1024.params-is_reduced-True-top_k_sv-1,22.227,51.022,56.39999999999999,79.9,76.5
eps.16-eps.1024.params-is_reduced-True-top_k_sv-2,22.221,51.016,56.49999999999999,79.9,76.5
eps.16-eps.1024.params-is_reduced-True-top_k_sv-3,22.206,50.994,56.49999999999999,79.9,76.5
eps.16-eps.1024.params-is_reduced-True-top_k_sv-4,22.221,51.0,56.39999999999999,79.9,76.5
eps.16-eps.1024.params-is_reduced-True-top_k_sv-5,22.23,51.008,56.49999999999999,79.9,76.5
eps.16-eps.1024.params-is_reduced-True-top_k_sv-7,22.217,51.003,56.49999999999999,79.9,76.5
eps.16-eps.1024.params-is_reduced-True-top_k_sv-8,22.213,51.002,56.49999999999999,79.9,76.5
eps.16-eps.1024.params-is_reduced-True-top_k_sv-9,22.212,51.001,56.49999999999999,79.9,76.5
eps.16-eps.1024.params-is_reduced-True-top_k_sv-10,22.213,51.002,56.49999999999999,79.9,76.5
eps.16-eps.1024.params-is_reduced-True-top_k_sv-20,22.222,51.013,56.49999999999999,79.9,76.5
eps.16-eps.1024.params-is_reduced-True-top_k_sv-100,22.222,51.013,56.49999999999999,79.9,76.5
eps.16-eps.1024.params-is_reduced-True-top_k_sv-500,22.222,51.013,56.49999999999999,79.9,76.5
eps.16-eps.1024.params-is_reduced-True-top_k_sv-800,22.222,51.013,56.49999999999999,79.9,76.5
eps.16-eps.1024.params-is_reduced-True-top_k_sv-1000,22.222,51.013,56.49999999999999,79.9,76.5
eps.16-eps.1024.params-is_reduced-False-top_k_sv-1,22.227,51.022,56.39999999999999,79.9,76.5
eps.16-eps.1024.params-is_reduced-False-top_k_sv-2,22.221,51.016,56.49999999999999,79.9,76.5
eps.16-eps.1024.params-is_reduced-False-top_k_sv-3,22.206,50.994,56.49999999999999,79.9,76.5
eps.16-eps.1024.params-is_reduced-False-top_k_sv-4,22.221,51.0,56.39999999999999,79.9,76.5
eps.16-eps.1024.params-is_reduced-False-top_k_sv-5,22.23,51.008,56.49999999999999,79.9,76.5
eps.16-eps.1024.params-is_reduced-False-top_k_sv-7,22.217,51.003,56.49999999999999,79.9,76.5
eps.16-eps.1024.params-is_reduced-False-top_k_sv-8,22.213,51.002,56.49999999999999,79.9,76.5
eps.16-eps.1024.params-is_reduced-False-top_k_sv-9,22.212,51.001,56.49999999999999,79.9,76.5
eps.16-eps.1024.params-is_reduced-False-top_k_sv-10,22.213,51.002,56.49999999999999,79.9,76.5
eps.16-eps.1024.params-is_reduced-False-top_k_sv-20,22.222,51.013,56.49999999999999,79.9,76.5
eps.16-eps.1024.params-is_reduced-False-top_k_sv-100,22.222,51.013,56.49999999999999,79.9,76.5
eps.16-eps.1024.params-is_reduced-False-top_k_sv-500,22.222,51.013,56.49999999999999,79.9,76.5
eps.16-eps.1024.params-is_reduced-False-top_k_sv-800,22.222,51.013,56.49999999999999,79.9,76.5
eps.16-eps.1024.params-is_reduced-False-top_k_sv-1000,22.222,51.013,56.49999999999999,79.9,76.5
eps.32-eps.4.params-is_reduced-True-top_k_sv-1,22.068,51.03,56.599999999999994,80.5,77.10000000000001
eps.32-eps.4.params-is_reduced-True-top_k_sv-2,22.075,51.023,56.599999999999994,80.5,77.0
eps.32-eps.4.params-is_reduced-True-top_k_sv-3,22.081,51.034,56.599999999999994,80.5,77.10000000000001
eps.32-eps.4.params-is_reduced-True-top_k_sv-4,22.081,51.014,56.599999999999994,80.5,77.0
eps.32-eps.4.params-is_reduced-True-top_k_sv-5,22.081,51.014,56.599999999999994,80.5,77.0
eps.32-eps.4.params-is_reduced-True-top_k_sv-7,22.081,51.014,56.599999999999994,80.5,77.0
eps.32-eps.4.params-is_reduced-True-top_k_sv-8,22.081,51.014,56.599999999999994,80.5,77.0
eps.32-eps.4.params-is_reduced-True-top_k_sv-9,22.081,51.014,56.599999999999994,80.5,77.0
eps.32-eps.4.params-is_reduced-True-top_k_sv-10,22.081,51.014,56.599999999999994,80.5,77.0
eps.32-eps.4.params-is_reduced-True-top_k_sv-20,22.081,51.014,56.599999999999994,80.5,77.0
eps.32-eps.4.params-is_reduced-True-top_k_sv-100,22.081,51.014,56.599999999999994,80.5,77.0
eps.32-eps.4.params-is_reduced-True-top_k_sv-500,22.081,51.014,56.599999999999994,80.5,77.0
eps.32-eps.4.params-is_reduced-True-top_k_sv-800,22.081,51.014,56.599999999999994,80.5,77.0
eps.32-eps.4.params-is_reduced-True-top_k_sv-1000,22.081,51.014,56.599999999999994,80.5,77.0
eps.32-eps.4.params-is_reduced-False-top_k_sv-1,22.068,51.03,56.599999999999994,80.5,77.10000000000001
eps.32-eps.4.params-is_reduced-False-top_k_sv-2,22.075,51.023,56.599999999999994,80.5,77.0
eps.32-eps.4.params-is_reduced-False-top_k_sv-3,22.081,51.034,56.599999999999994,80.5,77.10000000000001
eps.32-eps.4.params-is_reduced-False-top_k_sv-4,22.081,51.019,56.599999999999994,80.5,77.0
eps.32-eps.4.params-is_reduced-False-top_k_sv-5,22.081,51.019,56.599999999999994,80.5,77.0
eps.32-eps.4.params-is_reduced-False-top_k_sv-7,22.081,51.019,56.599999999999994,80.5,77.0
eps.32-eps.4.params-is_reduced-False-top_k_sv-8,22.081,51.019,56.599999999999994,80.5,77.0
eps.32-eps.4.params-is_reduced-False-top_k_sv-9,22.081,51.019,56.599999999999994,80.5,77.0
eps.32-eps.4.params-is_reduced-False-top_k_sv-10,22.081,51.019,56.599999999999994,80.5,77.0
eps.32-eps.4.params-is_reduced-False-top_k_sv-20,22.081,51.019,56.599999999999994,80.5,77.0
eps.32-eps.4.params-is_reduced-False-top_k_sv-100,22.081,51.019,56.599999999999994,80.5,77.0
eps.32-eps.4.params-is_reduced-False-top_k_sv-500,22.081,51.019,56.599999999999994,80.5,77.0
eps.32-eps.4.params-is_reduced-False-top_k_sv-800,22.081,51.019,56.599999999999994,80.5,77.0
eps.32-eps.4.params-is_reduced-False-top_k_sv-1000,22.081,51.019,56.599999999999994,80.5,77.0
eps.32-eps.8.params-is_reduced-True-top_k_sv-1,22.542,51.444,56.8,80.7,77.2
eps.32-eps.8.params-is_reduced-True-top_k_sv-2,22.505,51.435,56.89999999999999,80.80000000000001,77.2
eps.32-eps.8.params-is_reduced-True-top_k_sv-3,22.539,51.454,56.89999999999999,80.7,77.2
eps.32-eps.8.params-is_reduced-True-top_k_sv-4,22.539,51.454,56.89999999999999,80.7,77.2
eps.32-eps.8.params-is_reduced-True-top_k_sv-5,22.55,51.452,56.89999999999999,80.7,77.2
eps.32-eps.8.params-is_reduced-True-top_k_sv-7,22.531,51.456,56.89999999999999,80.7,77.2
eps.32-eps.8.params-is_reduced-True-top_k_sv-8,22.521,51.451,56.89999999999999,80.7,77.2
eps.32-eps.8.params-is_reduced-True-top_k_sv-9,22.521,51.451,56.89999999999999,80.7,77.2
eps.32-eps.8.params-is_reduced-True-top_k_sv-10,22.521,51.451,56.89999999999999,80.7,77.2
eps.32-eps.8.params-is_reduced-True-top_k_sv-20,22.521,51.451,56.89999999999999,80.7,77.2
eps.32-eps.8.params-is_reduced-True-top_k_sv-100,22.521,51.451,56.89999999999999,80.7,77.2
eps.32-eps.8.params-is_reduced-True-top_k_sv-500,22.521,51.451,56.89999999999999,80.7,77.2
eps.32-eps.8.params-is_reduced-True-top_k_sv-800,22.521,51.451,56.89999999999999,80.7,77.2
eps.32-eps.8.params-is_reduced-True-top_k_sv-1000,22.521,51.451,56.89999999999999,80.7,77.2
eps.32-eps.8.params-is_reduced-False-top_k_sv-1,22.542,51.444,56.8,80.7,77.2
eps.32-eps.8.params-is_reduced-False-top_k_sv-2,22.505,51.435,56.89999999999999,80.80000000000001,77.2
eps.32-eps.8.params-is_reduced-False-top_k_sv-3,22.539,51.454,56.89999999999999,80.7,77.2
eps.32-eps.8.params-is_reduced-False-top_k_sv-4,22.539,51.454,56.89999999999999,80.7,77.2
eps.32-eps.8.params-is_reduced-False-top_k_sv-5,22.55,51.452,56.89999999999999,80.7,77.2
eps.32-eps.8.params-is_reduced-False-top_k_sv-7,22.531,51.456,56.89999999999999,80.7,77.2
eps.32-eps.8.params-is_reduced-False-top_k_sv-8,22.521,51.451,56.89999999999999,80.7,77.2
eps.32-eps.8.params-is_reduced-False-top_k_sv-9,22.521,51.451,56.89999999999999,80.7,77.2
eps.32-eps.8.params-is_reduced-False-top_k_sv-10,22.521,51.451,56.89999999999999,80.7,77.2
eps.32-eps.8.params-is_reduced-False-top_k_sv-20,22.521,51.451,56.89999999999999,80.7,77.2
eps.32-eps.8.params-is_reduced-False-top_k_sv-100,22.521,51.451,56.89999999999999,80.7,77.2
eps.32-eps.8.params-is_reduced-False-top_k_sv-500,22.521,51.451,56.89999999999999,80.7,77.2
eps.32-eps.8.params-is_reduced-False-top_k_sv-800,22.521,51.451,56.89999999999999,80.7,77.2
eps.32-eps.8.params-is_reduced-False-top_k_sv-1000,22.521,51.451,56.89999999999999,80.7,77.2
eps.32-eps.16.params-is_reduced-True-top_k_sv-1,22.546,51.411,57.199999999999996,81.0,77.5
eps.32-eps.16.params-is_reduced-True-top_k_sv-2,22.538,51.408,57.099999999999994,81.0,77.5
eps.32-eps.16.params-is_reduced-True-top_k_sv-3,22.532,51.398,57.099999999999994,81.0,77.5
eps.32-eps.16.params-is_reduced-True-top_k_sv-4,22.534,51.391,57.099999999999994,81.0,77.5
eps.32-eps.16.params-is_reduced-True-top_k_sv-5,22.553,51.401,57.199999999999996,81.0,77.5
eps.32-eps.16.params-is_reduced-True-top_k_sv-7,22.537,51.395,57.199999999999996,81.0,77.5
eps.32-eps.16.params-is_reduced-True-top_k_sv-8,22.535,51.395,57.199999999999996,81.0,77.5
eps.32-eps.16.params-is_reduced-True-top_k_sv-9,22.535,51.395,57.199999999999996,81.0,77.5
eps.32-eps.16.params-is_reduced-True-top_k_sv-10,22.541,51.396,57.199999999999996,81.0,77.5
eps.32-eps.16.params-is_reduced-True-top_k_sv-20,22.539,51.394,57.199999999999996,81.0,77.5
eps.32-eps.16.params-is_reduced-True-top_k_sv-100,22.539,51.394,57.199999999999996,81.0,77.5
eps.32-eps.16.params-is_reduced-True-top_k_sv-500,22.539,51.394,57.199999999999996,81.0,77.5
eps.32-eps.16.params-is_reduced-True-top_k_sv-800,22.539,51.394,57.199999999999996,81.0,77.5
eps.32-eps.16.params-is_reduced-True-top_k_sv-1000,22.539,51.394,57.199999999999996,81.0,77.5
eps.32-eps.16.params-is_reduced-False-top_k_sv-1,22.546,51.411,57.199999999999996,81.0,77.5
eps.32-eps.16.params-is_reduced-False-top_k_sv-2,22.538,51.408,57.099999999999994,81.0,77.5
eps.32-eps.16.params-is_reduced-False-top_k_sv-3,22.532,51.398,57.099999999999994,81.0,77.5
eps.32-eps.16.params-is_reduced-False-top_k_sv-4,22.534,51.391,57.099999999999994,81.0,77.5
eps.32-eps.16.params-is_reduced-False-top_k_sv-5,22.553,51.401,57.199999999999996,81.0,77.5
eps.32-eps.16.params-is_reduced-False-top_k_sv-7,22.537,51.395,57.199999999999996,81.0,77.5
eps.32-eps.16.params-is_reduced-False-top_k_sv-8,22.535,51.395,57.199999999999996,81.0,77.5
eps.32-eps.16.params-is_reduced-False-top_k_sv-9,22.535,51.395,57.199999999999996,81.0,77.5
eps.32-eps.16.params-is_reduced-False-top_k_sv-10,22.541,51.396,57.199999999999996,81.0,77.5
eps.32-eps.16.params-is_reduced-False-top_k_sv-20,22.539,51.394,57.199999999999996,81.0,77.5
eps.32-eps.16.params-is_reduced-False-top_k_sv-100,22.539,51.394,57.199999999999996,81.0,77.5
eps.32-eps.16.params-is_reduced-False-top_k_sv-500,22.539,51.394,57.199999999999996,81.0,77.5
eps.32-eps.16.params-is_reduced-False-top_k_sv-800,22.539,51.394,57.199999999999996,81.0,77.5
eps.32-eps.16.params-is_reduced-False-top_k_sv-1000,22.539,51.394,57.199999999999996,81.0,77.5
eps.32-eps.32.params-is_reduced-True-top_k_sv-1,22.494,51.485,57.099999999999994,81.0,77.4
eps.32-eps.32.params-is_reduced-True-top_k_sv-2,22.542,51.496,57.099999999999994,81.0,77.4
eps.32-eps.32.params-is_reduced-True-top_k_sv-3,22.547,51.491,57.099999999999994,81.0,77.4
eps.32-eps.32.params-is_reduced-True-top_k_sv-4,22.555,51.49,57.099999999999994,81.0,77.4
eps.32-eps.32.params-is_reduced-True-top_k_sv-5,22.537,51.494,57.099999999999994,81.0,77.4
eps.32-eps.32.params-is_reduced-True-top_k_sv-7,22.524,51.485,57.099999999999994,81.0,77.4
eps.32-eps.32.params-is_reduced-True-top_k_sv-8,22.527,51.488,57.099999999999994,81.0,77.4
eps.32-eps.32.params-is_reduced-True-top_k_sv-9,22.527,51.488,57.099999999999994,81.0,77.4
eps.32-eps.32.params-is_reduced-True-top_k_sv-10,22.522,51.483,57.099999999999994,81.0,77.4
eps.32-eps.32.params-is_reduced-True-top_k_sv-20,22.522,51.483,57.099999999999994,81.0,77.4
eps.32-eps.32.params-is_reduced-True-top_k_sv-100,22.522,51.483,57.099999999999994,81.0,77.4
eps.32-eps.32.params-is_reduced-True-top_k_sv-500,22.522,51.483,57.099999999999994,81.0,77.4
eps.32-eps.32.params-is_reduced-True-top_k_sv-800,22.522,51.483,57.099999999999994,81.0,77.4
eps.32-eps.32.params-is_reduced-True-top_k_sv-1000,22.522,51.483,57.099999999999994,81.0,77.4
eps.32-eps.32.params-is_reduced-False-top_k_sv-1,22.494,51.485,57.099999999999994,81.0,77.4
eps.32-eps.32.params-is_reduced-False-top_k_sv-2,22.542,51.496,57.099999999999994,81.0,77.4
eps.32-eps.32.params-is_reduced-False-top_k_sv-3,22.547,51.491,57.099999999999994,81.0,77.4
eps.32-eps.32.params-is_reduced-False-top_k_sv-4,22.555,51.49,57.099999999999994,81.0,77.4
eps.32-eps.32.params-is_reduced-False-top_k_sv-5,22.537,51.494,57.099999999999994,81.0,77.4
eps.32-eps.32.params-is_reduced-False-top_k_sv-7,22.524,51.485,57.099999999999994,81.0,77.4
eps.32-eps.32.params-is_reduced-False-top_k_sv-8,22.527,51.488,57.099999999999994,81.0,77.4
eps.32-eps.32.params-is_reduced-False-top_k_sv-9,22.527,51.488,57.099999999999994,81.0,77.4
eps.32-eps.32.params-is_reduced-False-top_k_sv-10,22.522,51.483,57.099999999999994,81.0,77.4
eps.32-eps.32.params-is_reduced-False-top_k_sv-20,22.522,51.483,57.099999999999994,81.0,77.4
eps.32-eps.32.params-is_reduced-False-top_k_sv-100,22.522,51.483,57.099999999999994,81.0,77.4
eps.32-eps.32.params-is_reduced-False-top_k_sv-500,22.522,51.483,57.099999999999994,81.0,77.4
eps.32-eps.32.params-is_reduced-False-top_k_sv-800,22.522,51.483,57.099999999999994,81.0,77.4
eps.32-eps.32.params-is_reduced-False-top_k_sv-1000,22.522,51.483,57.099999999999994,81.0,77.4
eps.32-eps.64.params-is_reduced-True-top_k_sv-1,22.585,51.459,57.099999999999994,81.0,77.5
eps.32-eps.64.params-is_reduced-True-top_k_sv-2,22.57,51.458,57.099999999999994,81.10000000000001,77.5
eps.32-eps.64.params-is_reduced-True-top_k_sv-3,22.556,51.45,57.099999999999994,81.10000000000001,77.5
eps.32-eps.64.params-is_reduced-True-top_k_sv-4,22.559,51.445,57.099999999999994,81.10000000000001,77.5
eps.32-eps.64.params-is_reduced-True-top_k_sv-5,22.563,51.444,57.099999999999994,81.10000000000001,77.5
eps.32-eps.64.params-is_reduced-True-top_k_sv-7,22.571,51.452,57.099999999999994,81.10000000000001,77.5
eps.32-eps.64.params-is_reduced-True-top_k_sv-8,22.571,51.455,57.099999999999994,81.10000000000001,77.5
eps.32-eps.64.params-is_reduced-True-top_k_sv-9,22.571,51.464,57.099999999999994,81.10000000000001,77.5
eps.32-eps.64.params-is_reduced-True-top_k_sv-10,22.579,51.465,57.099999999999994,81.10000000000001,77.5
eps.32-eps.64.params-is_reduced-True-top_k_sv-20,22.586,51.475,57.099999999999994,81.10000000000001,77.5
eps.32-eps.64.params-is_reduced-True-top_k_sv-100,22.585,51.474,57.099999999999994,81.10000000000001,77.5
eps.32-eps.64.params-is_reduced-True-top_k_sv-500,22.585,51.474,57.099999999999994,81.10000000000001,77.5
eps.32-eps.64.params-is_reduced-True-top_k_sv-800,22.585,51.474,57.099999999999994,81.10000000000001,77.5
eps.32-eps.64.params-is_reduced-True-top_k_sv-1000,22.585,51.474,57.099999999999994,81.10000000000001,77.5
eps.32-eps.64.params-is_reduced-False-top_k_sv-1,22.585,51.459,57.099999999999994,81.0,77.5
eps.32-eps.64.params-is_reduced-False-top_k_sv-2,22.57,51.458,57.099999999999994,81.10000000000001,77.5
eps.32-eps.64.params-is_reduced-False-top_k_sv-3,22.556,51.45,57.099999999999994,81.10000000000001,77.5
eps.32-eps.64.params-is_reduced-False-top_k_sv-4,22.559,51.445,57.099999999999994,81.10000000000001,77.5
eps.32-eps.64.params-is_reduced-False-top_k_sv-5,22.563,51.444,57.099999999999994,81.10000000000001,77.5
eps.32-eps.64.params-is_reduced-False-top_k_sv-7,22.571,51.452,57.099999999999994,81.10000000000001,77.5
eps.32-eps.64.params-is_reduced-False-top_k_sv-8,22.571,51.455,57.099999999999994,81.10000000000001,77.5
eps.32-eps.64.params-is_reduced-False-top_k_sv-9,22.571,51.464,57.099999999999994,81.10000000000001,77.5
eps.32-eps.64.params-is_reduced-False-top_k_sv-10,22.579,51.465,57.099999999999994,81.10000000000001,77.5
eps.32-eps.64.params-is_reduced-False-top_k_sv-20,22.586,51.475,57.099999999999994,81.10000000000001,77.5
eps.32-eps.64.params-is_reduced-False-top_k_sv-100,22.585,51.474,57.099999999999994,81.10000000000001,77.5
eps.32-eps.64.params-is_reduced-False-top_k_sv-500,22.585,51.474,57.099999999999994,81.10000000000001,77.5
eps.32-eps.64.params-is_reduced-False-top_k_sv-800,22.585,51.474,57.099999999999994,81.10000000000001,77.5
eps.32-eps.64.params-is_reduced-False-top_k_sv-1000,22.585,51.474,57.099999999999994,81.10000000000001,77.5
eps.32-eps.1024.params-is_reduced-True-top_k_sv-1,22.543,51.489,57.199999999999996,81.0,77.60000000000001
eps.32-eps.1024.params-is_reduced-True-top_k_sv-2,22.535,51.488,57.199999999999996,81.10000000000001,77.60000000000001
eps.32-eps.1024.params-is_reduced-True-top_k_sv-3,22.51,51.472,57.199999999999996,81.10000000000001,77.60000000000001
eps.32-eps.1024.params-is_reduced-True-top_k_sv-4,22.496,51.47,57.199999999999996,81.10000000000001,77.60000000000001
eps.32-eps.1024.params-is_reduced-True-top_k_sv-5,22.5,51.475,57.199999999999996,81.10000000000001,77.60000000000001
eps.32-eps.1024.params-is_reduced-True-top_k_sv-7,22.507,51.471,57.199999999999996,81.10000000000001,77.60000000000001
eps.32-eps.1024.params-is_reduced-True-top_k_sv-8,22.495,51.467,57.199999999999996,81.10000000000001,77.60000000000001
eps.32-eps.1024.params-is_reduced-True-top_k_sv-9,22.495,51.463,57.199999999999996,81.10000000000001,77.60000000000001
eps.32-eps.1024.params-is_reduced-True-top_k_sv-10,22.495,51.463,57.199999999999996,81.10000000000001,77.60000000000001
eps.32-eps.1024.params-is_reduced-True-top_k_sv-20,22.501,51.47,57.199999999999996,81.10000000000001,77.60000000000001
eps.32-eps.1024.params-is_reduced-True-top_k_sv-100,22.501,51.47,57.199999999999996,81.10000000000001,77.60000000000001
eps.32-eps.1024.params-is_reduced-True-top_k_sv-500,22.501,51.47,57.199999999999996,81.10000000000001,77.60000000000001
eps.32-eps.1024.params-is_reduced-True-top_k_sv-800,22.501,51.47,57.199999999999996,81.10000000000001,77.60000000000001
eps.32-eps.1024.params-is_reduced-True-top_k_sv-1000,22.501,51.47,57.199999999999996,81.10000000000001,77.60000000000001
eps.32-eps.1024.params-is_reduced-False-top_k_sv-1,22.543,51.489,57.199999999999996,81.0,77.60000000000001
eps.32-eps.1024.params-is_reduced-False-top_k_sv-2,22.535,51.488,57.199999999999996,81.10000000000001,77.60000000000001
eps.32-eps.1024.params-is_reduced-False-top_k_sv-3,22.51,51.472,57.199999999999996,81.10000000000001,77.60000000000001
eps.32-eps.1024.params-is_reduced-False-top_k_sv-4,22.496,51.47,57.199999999999996,81.10000000000001,77.60000000000001
eps.32-eps.1024.params-is_reduced-False-top_k_sv-5,22.5,51.475,57.199999999999996,81.10000000000001,77.60000000000001
eps.32-eps.1024.params-is_reduced-False-top_k_sv-7,22.507,51.471,57.199999999999996,81.10000000000001,77.60000000000001
eps.32-eps.1024.params-is_reduced-False-top_k_sv-8,22.495,51.467,57.199999999999996,81.10000000000001,77.60000000000001
eps.32-eps.1024.params-is_reduced-False-top_k_sv-9,22.495,51.463,57.199999999999996,81.10000000000001,77.60000000000001
eps.32-eps.1024.params-is_reduced-False-top_k_sv-10,22.495,51.463,57.199999999999996,81.10000000000001,77.60000000000001
eps.32-eps.1024.params-is_reduced-False-top_k_sv-20,22.501,51.47,57.199999999999996,81.10000000000001,77.60000000000001
eps.32-eps.1024.params-is_reduced-False-top_k_sv-100,22.501,51.47,57.199999999999996,81.10000000000001,77.60000000000001
eps.32-eps.1024.params-is_reduced-False-top_k_sv-500,22.501,51.47,57.199999999999996,81.10000000000001,77.60000000000001
eps.32-eps.1024.params-is_reduced-False-top_k_sv-800,22.501,51.47,57.199999999999996,81.10000000000001,77.60000000000001
eps.32-eps.1024.params-is_reduced-False-top_k_sv-1000,22.501,51.47,57.199999999999996,81.10000000000001,77.60000000000001
eps.64-eps.4.params-is_reduced-True-top_k_sv-1,22.888,51.77,57.3,81.3,77.60000000000001
eps.64-eps.4.params-is_reduced-True-top_k_sv-2,22.882,51.785,57.3,81.3,77.60000000000001
eps.64-eps.4.params-is_reduced-True-top_k_sv-3,22.859,51.778,57.3,81.3,77.60000000000001
eps.64-eps.4.params-is_reduced-True-top_k_sv-4,22.866,51.786,57.3,81.3,77.60000000000001
eps.64-eps.4.params-is_reduced-True-top_k_sv-5,22.866,51.786,57.3,81.3,77.60000000000001
eps.64-eps.4.params-is_reduced-True-top_k_sv-7,22.866,51.786,57.3,81.3,77.60000000000001
eps.64-eps.4.params-is_reduced-True-top_k_sv-8,22.866,51.786,57.3,81.3,77.60000000000001
eps.64-eps.4.params-is_reduced-True-top_k_sv-9,22.866,51.786,57.3,81.3,77.60000000000001
eps.64-eps.4.params-is_reduced-True-top_k_sv-10,22.866,51.786,57.3,81.3,77.60000000000001
eps.64-eps.4.params-is_reduced-True-top_k_sv-20,22.866,51.786,57.3,81.3,77.60000000000001
eps.64-eps.4.params-is_reduced-True-top_k_sv-100,22.866,51.786,57.3,81.3,77.60000000000001
eps.64-eps.4.params-is_reduced-True-top_k_sv-500,22.866,51.786,57.3,81.3,77.60000000000001
eps.64-eps.4.params-is_reduced-True-top_k_sv-800,22.866,51.786,57.3,81.3,77.60000000000001
eps.64-eps.4.params-is_reduced-True-top_k_sv-1000,22.866,51.786,57.3,81.3,77.60000000000001
eps.64-eps.4.params-is_reduced-False-top_k_sv-1,22.888,51.77,57.3,81.3,77.60000000000001
eps.64-eps.4.params-is_reduced-False-top_k_sv-2,22.882,51.785,57.3,81.3,77.60000000000001
eps.64-eps.4.params-is_reduced-False-top_k_sv-3,22.859,51.778,57.3,81.3,77.60000000000001
eps.64-eps.4.params-is_reduced-False-top_k_sv-4,22.866,51.786,57.3,81.3,77.60000000000001
eps.64-eps.4.params-is_reduced-False-top_k_sv-5,22.866,51.786,57.3,81.3,77.60000000000001
eps.64-eps.4.params-is_reduced-False-top_k_sv-7,22.866,51.786,57.3,81.3,77.60000000000001
eps.64-eps.4.params-is_reduced-False-top_k_sv-8,22.866,51.786,57.3,81.3,77.60000000000001
eps.64-eps.4.params-is_reduced-False-top_k_sv-9,22.866,51.786,57.3,81.3,77.60000000000001
eps.64-eps.4.params-is_reduced-False-top_k_sv-10,22.866,51.786,57.3,81.3,77.60000000000001
eps.64-eps.4.params-is_reduced-False-top_k_sv-20,22.866,51.786,57.3,81.3,77.60000000000001
eps.64-eps.4.params-is_reduced-False-top_k_sv-100,22.866,51.786,57.3,81.3,77.60000000000001
eps.64-eps.4.params-is_reduced-False-top_k_sv-500,22.866,51.786,57.3,81.3,77.60000000000001
eps.64-eps.4.params-is_reduced-False-top_k_sv-800,22.866,51.786,57.3,81.3,77.60000000000001
eps.64-eps.4.params-is_reduced-False-top_k_sv-1000,22.866,51.786,57.3,81.3,77.60000000000001
eps.64-eps.8.params-is_reduced-True-top_k_sv-1,23.161,51.932,57.4,81.6,77.8
eps.64-eps.8.params-is_reduced-True-top_k_sv-2,23.107,51.905,57.49999999999999,81.6,77.8
eps.64-eps.8.params-is_reduced-True-top_k_sv-3,23.135,51.916,57.4,81.6,77.8
eps.64-eps.8.params-is_reduced-True-top_k_sv-4,23.16,51.918,57.4,81.6,77.8
eps.64-eps.8.params-is_reduced-True-top_k_sv-5,23.163,51.921,57.4,81.6,77.8
eps.64-eps.8.params-is_reduced-True-top_k_sv-7,23.158,51.915,57.4,81.6,77.8
eps.64-eps.8.params-is_reduced-True-top_k_sv-8,23.162,51.921,57.4,81.6,77.8
eps.64-eps.8.params-is_reduced-True-top_k_sv-9,23.162,51.921,57.4,81.6,77.8
eps.64-eps.8.params-is_reduced-True-top_k_sv-10,23.162,51.921,57.4,81.6,77.8
eps.64-eps.8.params-is_reduced-True-top_k_sv-20,23.162,51.921,57.4,81.6,77.8
eps.64-eps.8.params-is_reduced-True-top_k_sv-100,23.162,51.921,57.4,81.6,77.8
eps.64-eps.8.params-is_reduced-True-top_k_sv-500,23.162,51.921,57.4,81.6,77.8
eps.64-eps.8.params-is_reduced-True-top_k_sv-800,23.162,51.921,57.4,81.6,77.8
eps.64-eps.8.params-is_reduced-True-top_k_sv-1000,23.162,51.921,57.4,81.6,77.8
eps.64-eps.8.params-is_reduced-False-top_k_sv-1,23.161,51.932,57.4,81.6,77.8
eps.64-eps.8.params-is_reduced-False-top_k_sv-2,23.107,51.905,57.49999999999999,81.6,77.8
eps.64-eps.8.params-is_reduced-False-top_k_sv-3,23.135,51.916,57.4,81.6,77.8
eps.64-eps.8.params-is_reduced-False-top_k_sv-4,23.16,51.918,57.4,81.6,77.8
eps.64-eps.8.params-is_reduced-False-top_k_sv-5,23.163,51.921,57.4,81.6,77.8
eps.64-eps.8.params-is_reduced-False-top_k_sv-7,23.158,51.915,57.4,81.6,77.8
eps.64-eps.8.params-is_reduced-False-top_k_sv-8,23.162,51.921,57.4,81.6,77.8
eps.64-eps.8.params-is_reduced-False-top_k_sv-9,23.162,51.921,57.4,81.6,77.8
eps.64-eps.8.params-is_reduced-False-top_k_sv-10,23.162,51.921,57.4,81.6,77.8
eps.64-eps.8.params-is_reduced-False-top_k_sv-20,23.162,51.921,57.4,81.6,77.8
eps.64-eps.8.params-is_reduced-False-top_k_sv-100,23.162,51.921,57.4,81.6,77.8
eps.64-eps.8.params-is_reduced-False-top_k_sv-500,23.162,51.921,57.4,81.6,77.8
eps.64-eps.8.params-is_reduced-False-top_k_sv-800,23.162,51.921,57.4,81.6,77.8
eps.64-eps.8.params-is_reduced-False-top_k_sv-1000,23.162,51.921,57.4,81.6,77.8
eps.64-eps.16.params-is_reduced-True-top_k_sv-1,23.144,52.064,57.699999999999996,81.69999999999999,78.0
eps.64-eps.16.params-is_reduced-True-top_k_sv-2,23.094,52.028,57.699999999999996,81.69999999999999,78.10000000000001
eps.64-eps.16.params-is_reduced-True-top_k_sv-3,23.094,52.032,57.699999999999996,81.69999999999999,78.0
eps.64-eps.16.params-is_reduced-True-top_k_sv-4,23.1,52.037,57.699999999999996,81.69999999999999,78.10000000000001
eps.64-eps.16.params-is_reduced-True-top_k_sv-5,23.106,52.04,57.699999999999996,81.69999999999999,78.0
eps.64-eps.16.params-is_reduced-True-top_k_sv-7,23.106,52.045,57.699999999999996,81.8,78.0
eps.64-eps.16.params-is_reduced-True-top_k_sv-8,23.107,52.045,57.699999999999996,81.8,78.0
eps.64-eps.16.params-is_reduced-True-top_k_sv-9,23.107,52.045,57.699999999999996,81.8,78.0
eps.64-eps.16.params-is_reduced-True-top_k_sv-10,23.109,52.047,57.699999999999996,81.8,78.0
eps.64-eps.16.params-is_reduced-True-top_k_sv-20,23.111,52.053,57.699999999999996,81.8,78.0
eps.64-eps.16.params-is_reduced-True-top_k_sv-100,23.111,52.053,57.699999999999996,81.8,78.0
eps.64-eps.16.params-is_reduced-True-top_k_sv-500,23.111,52.053,57.699999999999996,81.8,78.0
eps.64-eps.16.params-is_reduced-True-top_k_sv-800,23.111,52.053,57.699999999999996,81.8,78.0
eps.64-eps.16.params-is_reduced-True-top_k_sv-1000,23.111,52.053,57.699999999999996,81.8,78.0
eps.64-eps.16.params-is_reduced-False-top_k_sv-1,23.144,52.064,57.699999999999996,81.69999999999999,78.0
eps.64-eps.16.params-is_reduced-False-top_k_sv-2,23.094,52.028,57.699999999999996,81.69999999999999,78.10000000000001
eps.64-eps.16.params-is_reduced-False-top_k_sv-3,23.094,52.032,57.699999999999996,81.69999999999999,78.0
eps.64-eps.16.params-is_reduced-False-top_k_sv-4,23.1,52.037,57.699999999999996,81.69999999999999,78.10000000000001
eps.64-eps.16.params-is_reduced-False-top_k_sv-5,23.106,52.04,57.699999999999996,81.69999999999999,78.0
eps.64-eps.16.params-is_reduced-False-top_k_sv-7,23.106,52.045,57.699999999999996,81.8,78.0
eps.64-eps.16.params-is_reduced-False-top_k_sv-8,23.107,52.045,57.699999999999996,81.8,78.0
eps.64-eps.16.params-is_reduced-False-top_k_sv-9,23.107,52.045,57.699999999999996,81.8,78.0
eps.64-eps.16.params-is_reduced-False-top_k_sv-10,23.109,52.047,57.699999999999996,81.8,78.0
eps.64-eps.16.params-is_reduced-False-top_k_sv-20,23.111,52.053,57.699999999999996,81.8,78.0
eps.64-eps.16.params-is_reduced-False-top_k_sv-100,23.111,52.053,57.699999999999996,81.8,78.0
eps.64-eps.16.params-is_reduced-False-top_k_sv-500,23.111,52.053,57.699999999999996,81.8,78.0
eps.64-eps.16.params-is_reduced-False-top_k_sv-800,23.111,52.053,57.699999999999996,81.8,78.0
eps.64-eps.16.params-is_reduced-False-top_k_sv-1000,23.111,52.053,57.699999999999996,81.8,78.0
eps.64-eps.32.params-is_reduced-True-top_k_sv-1,23.179,52.038,57.699999999999996,81.89999999999999,78.10000000000001
eps.64-eps.32.params-is_reduced-True-top_k_sv-2,23.173,52.015,57.599999999999994,81.8,78.0
eps.64-eps.32.params-is_reduced-True-top_k_sv-3,23.128,52.007,57.599999999999994,81.8,78.0
eps.64-eps.32.params-is_reduced-True-top_k_sv-4,23.133,52.018,57.599999999999994,81.8,78.10000000000001
eps.64-eps.32.params-is_reduced-True-top_k_sv-5,23.125,52.007,57.599999999999994,81.8,78.10000000000001
eps.64-eps.32.params-is_reduced-True-top_k_sv-7,23.146,52.016,57.699999999999996,81.89999999999999,78.10000000000001
eps.64-eps.32.params-is_reduced-True-top_k_sv-8,23.137,52.014,57.699999999999996,81.89999999999999,78.10000000000001
eps.64-eps.32.params-is_reduced-True-top_k_sv-9,23.137,52.017,57.699999999999996,81.89999999999999,78.10000000000001
eps.64-eps.32.params-is_reduced-True-top_k_sv-10,23.133,52.014,57.699999999999996,81.89999999999999,78.10000000000001
eps.64-eps.32.params-is_reduced-True-top_k_sv-20,23.139,52.02,57.699999999999996,81.89999999999999,78.10000000000001
eps.64-eps.32.params-is_reduced-True-top_k_sv-100,23.138,52.022,57.699999999999996,81.89999999999999,78.10000000000001
eps.64-eps.32.params-is_reduced-True-top_k_sv-500,23.138,52.022,57.699999999999996,81.89999999999999,78.10000000000001
eps.64-eps.32.params-is_reduced-True-top_k_sv-800,23.138,52.022,57.699999999999996,81.89999999999999,78.10000000000001
eps.64-eps.32.params-is_reduced-True-top_k_sv-1000,23.138,52.022,57.699999999999996,81.89999999999999,78.10000000000001
eps.64-eps.32.params-is_reduced-False-top_k_sv-1,23.179,52.038,57.699999999999996,81.89999999999999,78.10000000000001
eps.64-eps.32.params-is_reduced-False-top_k_sv-2,23.173,52.015,57.599999999999994,81.8,78.0
eps.64-eps.32.params-is_reduced-False-top_k_sv-3,23.128,52.007,57.599999999999994,81.8,78.0
eps.64-eps.32.params-is_reduced-False-top_k_sv-4,23.133,52.018,57.599999999999994,81.8,78.10000000000001
eps.64-eps.32.params-is_reduced-False-top_k_sv-5,23.125,52.007,57.599999999999994,81.8,78.10000000000001
eps.64-eps.32.params-is_reduced-False-top_k_sv-7,23.146,52.016,57.699999999999996,81.89999999999999,78.10000000000001
eps.64-eps.32.params-is_reduced-False-top_k_sv-8,23.137,52.014,57.699999999999996,81.89999999999999,78.10000000000001
eps.64-eps.32.params-is_reduced-False-top_k_sv-9,23.137,52.017,57.699999999999996,81.89999999999999,78.10000000000001
eps.64-eps.32.params-is_reduced-False-top_k_sv-10,23.133,52.014,57.699999999999996,81.89999999999999,78.10000000000001
eps.64-eps.32.params-is_reduced-False-top_k_sv-20,23.139,52.02,57.699999999999996,81.89999999999999,78.10000000000001
eps.64-eps.32.params-is_reduced-False-top_k_sv-100,23.138,52.022,57.699999999999996,81.89999999999999,78.10000000000001
eps.64-eps.32.params-is_reduced-False-top_k_sv-500,23.138,52.022,57.699999999999996,81.89999999999999,78.10000000000001
eps.64-eps.32.params-is_reduced-False-top_k_sv-800,23.138,52.022,57.699999999999996,81.89999999999999,78.10000000000001
eps.64-eps.32.params-is_reduced-False-top_k_sv-1000,23.138,52.022,57.699999999999996,81.89999999999999,78.10000000000001
eps.64-eps.64.params-is_reduced-True-top_k_sv-1,23.286,52.036,57.699999999999996,81.89999999999999,78.10000000000001
eps.64-eps.64.params-is_reduced-True-top_k_sv-2,23.252,51.994,57.699999999999996,81.89999999999999,78.10000000000001
eps.64-eps.64.params-is_reduced-True-top_k_sv-3,23.258,51.992,57.599999999999994,81.89999999999999,78.10000000000001
eps.64-eps.64.params-is_reduced-True-top_k_sv-4,23.283,52.007,57.699999999999996,81.89999999999999,78.10000000000001
eps.64-eps.64.params-is_reduced-True-top_k_sv-5,23.284,52.01,57.699999999999996,81.89999999999999,78.10000000000001
eps.64-eps.64.params-is_reduced-True-top_k_sv-7,23.292,52.02,57.699999999999996,81.89999999999999,78.10000000000001
eps.64-eps.64.params-is_reduced-True-top_k_sv-8,23.261,52.016,57.699999999999996,81.89999999999999,78.10000000000001
eps.64-eps.64.params-is_reduced-True-top_k_sv-9,23.262,52.022,57.699999999999996,81.89999999999999,78.10000000000001
eps.64-eps.64.params-is_reduced-True-top_k_sv-10,23.262,52.022,57.699999999999996,81.89999999999999,78.10000000000001
eps.64-eps.64.params-is_reduced-True-top_k_sv-20,23.283,52.02,57.699999999999996,81.89999999999999,78.10000000000001
eps.64-eps.64.params-is_reduced-True-top_k_sv-100,23.282,52.02,57.699999999999996,81.89999999999999,78.10000000000001
eps.64-eps.64.params-is_reduced-True-top_k_sv-500,23.282,52.02,57.699999999999996,81.89999999999999,78.10000000000001
eps.64-eps.64.params-is_reduced-True-top_k_sv-800,23.282,52.02,57.699999999999996,81.89999999999999,78.10000000000001
eps.64-eps.64.params-is_reduced-True-top_k_sv-1000,23.282,52.02,57.699999999999996,81.89999999999999,78.10000000000001
eps.64-eps.64.params-is_reduced-False-top_k_sv-1,23.286,52.036,57.699999999999996,81.89999999999999,78.10000000000001
eps.64-eps.64.params-is_reduced-False-top_k_sv-2,23.252,51.994,57.699999999999996,81.89999999999999,78.10000000000001
eps.64-eps.64.params-is_reduced-False-top_k_sv-3,23.258,51.992,57.599999999999994,81.89999999999999,78.10000000000001
eps.64-eps.64.params-is_reduced-False-top_k_sv-4,23.283,52.007,57.699999999999996,81.89999999999999,78.10000000000001
eps.64-eps.64.params-is_reduced-False-top_k_sv-5,23.284,52.01,57.699999999999996,81.89999999999999,78.10000000000001
eps.64-eps.64.params-is_reduced-False-top_k_sv-7,23.292,52.02,57.699999999999996,81.89999999999999,78.10000000000001
eps.64-eps.64.params-is_reduced-False-top_k_sv-8,23.261,52.016,57.699999999999996,81.89999999999999,78.10000000000001
eps.64-eps.64.params-is_reduced-False-top_k_sv-9,23.262,52.022,57.699999999999996,81.89999999999999,78.10000000000001
eps.64-eps.64.params-is_reduced-False-top_k_sv-10,23.262,52.022,57.699999999999996,81.89999999999999,78.10000000000001
eps.64-eps.64.params-is_reduced-False-top_k_sv-20,23.283,52.02,57.699999999999996,81.89999999999999,78.10000000000001
eps.64-eps.64.params-is_reduced-False-top_k_sv-100,23.282,52.02,57.699999999999996,81.89999999999999,78.10000000000001
eps.64-eps.64.params-is_reduced-False-top_k_sv-500,23.282,52.02,57.699999999999996,81.89999999999999,78.10000000000001
eps.64-eps.64.params-is_reduced-False-top_k_sv-800,23.282,52.02,57.699999999999996,81.89999999999999,78.10000000000001
eps.64-eps.64.params-is_reduced-False-top_k_sv-1000,23.282,52.02,57.699999999999996,81.89999999999999,78.10000000000001
eps.64-eps.1024.params-is_reduced-True-top_k_sv-1,23.231,52.122,57.9,81.89999999999999,78.10000000000001
eps.64-eps.1024.params-is_reduced-True-top_k_sv-2,23.231,52.12,57.9,82.0,78.10000000000001
eps.64-eps.1024.params-is_reduced-True-top_k_sv-3,23.218,52.122,57.9,82.0,78.10000000000001
eps.64-eps.1024.params-is_reduced-True-top_k_sv-4,23.21,52.138,57.9,82.0,78.10000000000001
eps.64-eps.1024.params-is_reduced-True-top_k_sv-5,23.215,52.151,57.9,82.0,78.10000000000001
eps.64-eps.1024.params-is_reduced-True-top_k_sv-7,23.207,52.138,57.9,82.0,78.10000000000001
eps.64-eps.1024.params-is_reduced-True-top_k_sv-8,23.212,52.142,57.9,82.0,78.10000000000001
eps.64-eps.1024.params-is_reduced-True-top_k_sv-9,23.21,52.137,57.9,82.0,78.10000000000001
eps.64-eps.1024.params-is_reduced-True-top_k_sv-10,23.208,52.134,57.9,82.0,78.10000000000001
eps.64-eps.1024.params-is_reduced-True-top_k_sv-20,23.207,52.14,57.9,82.0,78.10000000000001
eps.64-eps.1024.params-is_reduced-True-top_k_sv-100,23.196,52.13,57.9,82.0,78.10000000000001
eps.64-eps.1024.params-is_reduced-True-top_k_sv-500,23.196,52.13,57.9,82.0,78.10000000000001
eps.64-eps.1024.params-is_reduced-True-top_k_sv-800,23.196,52.13,57.9,82.0,78.10000000000001
eps.64-eps.1024.params-is_reduced-True-top_k_sv-1000,23.196,52.13,57.9,82.0,78.10000000000001
eps.64-eps.1024.params-is_reduced-False-top_k_sv-1,23.231,52.122,57.9,81.89999999999999,78.10000000000001
eps.64-eps.1024.params-is_reduced-False-top_k_sv-2,23.231,52.12,57.9,82.0,78.10000000000001
eps.64-eps.1024.params-is_reduced-False-top_k_sv-3,23.218,52.122,57.9,82.0,78.10000000000001
eps.64-eps.1024.params-is_reduced-False-top_k_sv-4,23.21,52.138,57.9,82.0,78.10000000000001
eps.64-eps.1024.params-is_reduced-False-top_k_sv-5,23.215,52.151,57.9,82.0,78.10000000000001
eps.64-eps.1024.params-is_reduced-False-top_k_sv-7,23.207,52.138,57.9,82.0,78.10000000000001
eps.64-eps.1024.params-is_reduced-False-top_k_sv-8,23.212,52.142,57.9,82.0,78.10000000000001
eps.64-eps.1024.params-is_reduced-False-top_k_sv-9,23.21,52.137,57.9,82.0,78.10000000000001
eps.64-eps.1024.params-is_reduced-False-top_k_sv-10,23.208,52.134,57.9,82.0,78.10000000000001
eps.64-eps.1024.params-is_reduced-False-top_k_sv-20,23.207,52.14,57.9,82.0,78.10000000000001
eps.64-eps.1024.params-is_reduced-False-top_k_sv-100,23.196,52.13,57.9,82.0,78.10000000000001
eps.64-eps.1024.params-is_reduced-False-top_k_sv-500,23.196,52.13,57.9,82.0,78.10000000000001
eps.64-eps.1024.params-is_reduced-False-top_k_sv-800,23.196,52.13,57.9,82.0,78.10000000000001
eps.64-eps.1024.params-is_reduced-False-top_k_sv-1000,23.196,52.13,57.9,82.0,78.10000000000001
eps.1024-eps.4.params-is_reduced-True-top_k_sv-1,23.441,52.209,57.99999999999999,83.1,79.0
eps.1024-eps.4.params-is_reduced-True-top_k_sv-2,23.42,52.184,57.99999999999999,83.1,78.9
eps.1024-eps.4.params-is_reduced-True-top_k_sv-3,23.347,52.146,57.99999999999999,83.1,78.9
eps.1024-eps.4.params-is_reduced-True-top_k_sv-4,23.443,52.196,57.99999999999999,83.1,79.0
eps.1024-eps.4.params-is_reduced-True-top_k_sv-5,23.443,52.196,57.99999999999999,83.1,79.0
eps.1024-eps.4.params-is_reduced-True-top_k_sv-7,23.443,52.196,57.99999999999999,83.1,79.0
eps.1024-eps.4.params-is_reduced-True-top_k_sv-8,23.443,52.196,57.99999999999999,83.1,79.0
eps.1024-eps.4.params-is_reduced-True-top_k_sv-9,23.443,52.196,57.99999999999999,83.1,79.0
eps.1024-eps.4.params-is_reduced-True-top_k_sv-10,23.443,52.196,57.99999999999999,83.1,79.0
eps.1024-eps.4.params-is_reduced-True-top_k_sv-20,23.443,52.196,57.99999999999999,83.1,79.0
eps.1024-eps.4.params-is_reduced-True-top_k_sv-100,23.443,52.196,57.99999999999999,83.1,79.0
eps.1024-eps.4.params-is_reduced-True-top_k_sv-500,23.443,52.196,57.99999999999999,83.1,79.0
eps.1024-eps.4.params-is_reduced-True-top_k_sv-800,23.443,52.196,57.99999999999999,83.1,79.0
eps.1024-eps.4.params-is_reduced-True-top_k_sv-1000,23.443,52.196,57.99999999999999,83.1,79.0
eps.1024-eps.4.params-is_reduced-False-top_k_sv-1,23.441,52.209,57.99999999999999,83.1,79.0
eps.1024-eps.4.params-is_reduced-False-top_k_sv-2,23.42,52.184,57.99999999999999,83.1,78.9
eps.1024-eps.4.params-is_reduced-False-top_k_sv-3,23.347,52.146,57.99999999999999,83.1,78.9
eps.1024-eps.4.params-is_reduced-False-top_k_sv-4,23.443,52.196,57.99999999999999,83.1,79.0
eps.1024-eps.4.params-is_reduced-False-top_k_sv-5,23.443,52.196,57.99999999999999,83.1,79.0
eps.1024-eps.4.params-is_reduced-False-top_k_sv-7,23.443,52.196,57.99999999999999,83.1,79.0
eps.1024-eps.4.params-is_reduced-False-top_k_sv-8,23.443,52.196,57.99999999999999,83.1,79.0
eps.1024-eps.4.params-is_reduced-False-top_k_sv-9,23.443,52.196,57.99999999999999,83.1,79.0
eps.1024-eps.4.params-is_reduced-False-top_k_sv-10,23.443,52.196,57.99999999999999,83.1,79.0
eps.1024-eps.4.params-is_reduced-False-top_k_sv-20,23.443,52.196,57.99999999999999,83.1,79.0
eps.1024-eps.4.params-is_reduced-False-top_k_sv-100,23.443,52.196,57.99999999999999,83.1,79.0
eps.1024-eps.4.params-is_reduced-False-top_k_sv-500,23.443,52.196,57.99999999999999,83.1,79.0
eps.1024-eps.4.params-is_reduced-False-top_k_sv-800,23.443,52.196,57.99999999999999,83.1,79.0
eps.1024-eps.4.params-is_reduced-False-top_k_sv-1000,23.443,52.196,57.99999999999999,83.1,79.0
eps.1024-eps.8.params-is_reduced-True-top_k_sv-1,23.548,52.442,58.3,83.39999999999999,79.2
eps.1024-eps.8.params-is_reduced-True-top_k_sv-2,23.523,52.457,58.4,83.5,79.2
eps.1024-eps.8.params-is_reduced-True-top_k_sv-3,23.495,52.423,58.4,83.5,79.2
eps.1024-eps.8.params-is_reduced-True-top_k_sv-4,23.497,52.428,58.3,83.5,79.2
eps.1024-eps.8.params-is_reduced-True-top_k_sv-5,23.508,52.442,58.4,83.5,79.2
eps.1024-eps.8.params-is_reduced-True-top_k_sv-7,23.496,52.424,58.4,83.5,79.2
eps.1024-eps.8.params-is_reduced-True-top_k_sv-8,23.517,52.444,58.4,83.5,79.2
eps.1024-eps.8.params-is_reduced-True-top_k_sv-9,23.517,52.444,58.4,83.5,79.2
eps.1024-eps.8.params-is_reduced-True-top_k_sv-10,23.517,52.444,58.4,83.5,79.2
eps.1024-eps.8.params-is_reduced-True-top_k_sv-20,23.517,52.444,58.4,83.5,79.2
eps.1024-eps.8.params-is_reduced-True-top_k_sv-100,23.517,52.444,58.4,83.5,79.2
eps.1024-eps.8.params-is_reduced-True-top_k_sv-500,23.517,52.444,58.4,83.5,79.2
eps.1024-eps.8.params-is_reduced-True-top_k_sv-800,23.517,52.444,58.4,83.5,79.2
eps.1024-eps.8.params-is_reduced-True-top_k_sv-1000,23.517,52.444,58.4,83.5,79.2
eps.1024-eps.8.params-is_reduced-False-top_k_sv-1,23.548,52.442,58.3,83.39999999999999,79.2
eps.1024-eps.8.params-is_reduced-False-top_k_sv-2,23.523,52.457,58.4,83.5,79.2
eps.1024-eps.8.params-is_reduced-False-top_k_sv-3,23.495,52.423,58.4,83.5,79.2
eps.1024-eps.8.params-is_reduced-False-top_k_sv-4,23.497,52.428,58.3,83.5,79.2
eps.1024-eps.8.params-is_reduced-False-top_k_sv-5,23.508,52.442,58.4,83.5,79.2
eps.1024-eps.8.params-is_reduced-False-top_k_sv-7,23.496,52.424,58.4,83.5,79.2
eps.1024-eps.8.params-is_reduced-False-top_k_sv-8,23.517,52.444,58.4,83.5,79.2
eps.1024-eps.8.params-is_reduced-False-top_k_sv-9,23.517,52.444,58.4,83.5,79.2
eps.1024-eps.8.params-is_reduced-False-top_k_sv-10,23.517,52.444,58.4,83.5,79.2
eps.1024-eps.8.params-is_reduced-False-top_k_sv-20,23.517,52.444,58.4,83.5,79.2
eps.1024-eps.8.params-is_reduced-False-top_k_sv-100,23.517,52.444,58.4,83.5,79.2
eps.1024-eps.8.params-is_reduced-False-top_k_sv-500,23.517,52.444,58.4,83.5,79.2
eps.1024-eps.8.params-is_reduced-False-top_k_sv-800,23.517,52.444,58.4,83.5,79.2
eps.1024-eps.8.params-is_reduced-False-top_k_sv-1000,23.517,52.444,58.4,83.5,79.2
eps.1024-eps.16.params-is_reduced-True-top_k_sv-1,23.702,52.65,58.3,83.7,79.4
eps.1024-eps.16.params-is_reduced-True-top_k_sv-2,23.694,52.65,58.4,83.8,79.4
eps.1024-eps.16.params-is_reduced-True-top_k_sv-3,23.685,52.629,58.4,83.8,79.4
eps.1024-eps.16.params-is_reduced-True-top_k_sv-4,23.673,52.631,58.4,83.8,79.4
eps.1024-eps.16.params-is_reduced-True-top_k_sv-5,23.678,52.628,58.4,83.8,79.4
eps.1024-eps.16.params-is_reduced-True-top_k_sv-7,23.717,52.659,58.4,83.8,79.4
eps.1024-eps.16.params-is_reduced-True-top_k_sv-8,23.713,52.659,58.4,83.8,79.4
eps.1024-eps.16.params-is_reduced-True-top_k_sv-9,23.714,52.657,58.5,83.8,79.4
eps.1024-eps.16.params-is_reduced-True-top_k_sv-10,23.698,52.65,58.4,83.8,79.4
eps.1024-eps.16.params-is_reduced-True-top_k_sv-20,23.658,52.618,58.4,83.8,79.4
eps.1024-eps.16.params-is_reduced-True-top_k_sv-100,23.658,52.618,58.4,83.8,79.4
eps.1024-eps.16.params-is_reduced-True-top_k_sv-500,23.658,52.618,58.4,83.8,79.4
eps.1024-eps.16.params-is_reduced-True-top_k_sv-800,23.658,52.618,58.4,83.8,79.4
eps.1024-eps.16.params-is_reduced-True-top_k_sv-1000,23.658,52.618,58.4,83.8,79.4
eps.1024-eps.16.params-is_reduced-False-top_k_sv-1,23.702,52.65,58.3,83.7,79.4
eps.1024-eps.16.params-is_reduced-False-top_k_sv-2,23.694,52.65,58.4,83.8,79.4
eps.1024-eps.16.params-is_reduced-False-top_k_sv-3,23.685,52.629,58.4,83.8,79.4
eps.1024-eps.16.params-is_reduced-False-top_k_sv-4,23.673,52.631,58.4,83.8,79.4
eps.1024-eps.16.params-is_reduced-False-top_k_sv-5,23.678,52.628,58.4,83.8,79.4
eps.1024-eps.16.params-is_reduced-False-top_k_sv-7,23.717,52.659,58.4,83.8,79.4
eps.1024-eps.16.params-is_reduced-False-top_k_sv-8,23.713,52.659,58.4,83.8,79.4
eps.1024-eps.16.params-is_reduced-False-top_k_sv-9,23.714,52.657,58.5,83.8,79.4
eps.1024-eps.16.params-is_reduced-False-top_k_sv-10,23.698,52.65,58.4,83.8,79.4
eps.1024-eps.16.params-is_reduced-False-top_k_sv-20,23.658,52.618,58.4,83.8,79.4
eps.1024-eps.16.params-is_reduced-False-top_k_sv-100,23.658,52.618,58.4,83.8,79.4
eps.1024-eps.16.params-is_reduced-False-top_k_sv-500,23.658,52.618,58.4,83.8,79.4
eps.1024-eps.16.params-is_reduced-False-top_k_sv-800,23.658,52.618,58.4,83.8,79.4
eps.1024-eps.16.params-is_reduced-False-top_k_sv-1000,23.658,52.618,58.4,83.8,79.4
eps.1024-eps.32.params-is_reduced-True-top_k_sv-1,23.767,52.754,58.599999999999994,83.89999999999999,79.4
eps.1024-eps.32.params-is_reduced-True-top_k_sv-2,23.735,52.737,58.599999999999994,83.89999999999999,79.4
eps.1024-eps.32.params-is_reduced-True-top_k_sv-3,23.735,52.755,58.599999999999994,83.89999999999999,79.4
eps.1024-eps.32.params-is_reduced-True-top_k_sv-4,23.754,52.762,58.599999999999994,83.89999999999999,79.4
eps.1024-eps.32.params-is_reduced-True-top_k_sv-5,23.735,52.768,58.599999999999994,83.89999999999999,79.4
eps.1024-eps.32.params-is_reduced-True-top_k_sv-7,23.739,52.761,58.599999999999994,83.89999999999999,79.4
eps.1024-eps.32.params-is_reduced-True-top_k_sv-8,23.749,52.762,58.599999999999994,83.89999999999999,79.4
eps.1024-eps.32.params-is_reduced-True-top_k_sv-9,23.743,52.754,58.599999999999994,83.89999999999999,79.4
eps.1024-eps.32.params-is_reduced-True-top_k_sv-10,23.739,52.755,58.599999999999994,83.89999999999999,79.4
eps.1024-eps.32.params-is_reduced-True-top_k_sv-20,23.728,52.757,58.599999999999994,83.89999999999999,79.4
eps.1024-eps.32.params-is_reduced-True-top_k_sv-100,23.721,52.751,58.599999999999994,83.89999999999999,79.4
eps.1024-eps.32.params-is_reduced-True-top_k_sv-500,23.721,52.751,58.599999999999994,83.89999999999999,79.4
eps.1024-eps.32.params-is_reduced-True-top_k_sv-800,23.721,52.751,58.599999999999994,83.89999999999999,79.4
eps.1024-eps.32.params-is_reduced-True-top_k_sv-1000,23.721,52.751,58.599999999999994,83.89999999999999,79.4
eps.1024-eps.32.params-is_reduced-False-top_k_sv-1,23.767,52.754,58.599999999999994,83.89999999999999,79.4
eps.1024-eps.32.params-is_reduced-False-top_k_sv-2,23.735,52.737,58.599999999999994,83.89999999999999,79.4
eps.1024-eps.32.params-is_reduced-False-top_k_sv-3,23.735,52.755,58.599999999999994,83.89999999999999,79.4
eps.1024-eps.32.params-is_reduced-False-top_k_sv-4,23.754,52.762,58.599999999999994,83.89999999999999,79.4
eps.1024-eps.32.params-is_reduced-False-top_k_sv-5,23.735,52.768,58.599999999999994,83.89999999999999,79.4
eps.1024-eps.32.params-is_reduced-False-top_k_sv-7,23.739,52.761,58.599999999999994,83.89999999999999,79.4
eps.1024-eps.32.params-is_reduced-False-top_k_sv-8,23.749,52.762,58.599999999999994,83.89999999999999,79.4
eps.1024-eps.32.params-is_reduced-False-top_k_sv-9,23.743,52.754,58.599999999999994,83.89999999999999,79.4
eps.1024-eps.32.params-is_reduced-False-top_k_sv-10,23.739,52.755,58.599999999999994,83.89999999999999,79.4
eps.1024-eps.32.params-is_reduced-False-top_k_sv-20,23.728,52.757,58.599999999999994,83.89999999999999,79.4
eps.1024-eps.32.params-is_reduced-False-top_k_sv-100,23.721,52.751,58.599999999999994,83.89999999999999,79.4
eps.1024-eps.32.params-is_reduced-False-top_k_sv-500,23.721,52.751,58.599999999999994,83.89999999999999,79.4
eps.1024-eps.32.params-is_reduced-False-top_k_sv-800,23.721,52.751,58.599999999999994,83.89999999999999,79.4
eps.1024-eps.32.params-is_reduced-False-top_k_sv-1000,23.721,52.751,58.599999999999994,83.89999999999999,79.4
eps.1024-eps.64.params-is_reduced-True-top_k_sv-1,24.08,52.792,58.5,83.89999999999999,79.60000000000001
eps.1024-eps.64.params-is_reduced-True-top_k_sv-2,24.091,52.789,58.5,83.89999999999999,79.60000000000001
eps.1024-eps.64.params-is_reduced-True-top_k_sv-3,24.057,52.774,58.5,83.89999999999999,79.60000000000001
eps.1024-eps.64.params-is_reduced-True-top_k_sv-4,24.078,52.783,58.5,83.89999999999999,79.60000000000001
eps.1024-eps.64.params-is_reduced-True-top_k_sv-5,24.078,52.784,58.5,84.0,79.60000000000001
eps.1024-eps.64.params-is_reduced-True-top_k_sv-7,24.081,52.8,58.5,84.0,79.60000000000001
eps.1024-eps.64.params-is_reduced-True-top_k_sv-8,24.091,52.799,58.5,83.89999999999999,79.60000000000001
eps.1024-eps.64.params-is_reduced-True-top_k_sv-9,24.09,52.802,58.5,84.0,79.60000000000001
eps.1024-eps.64.params-is_reduced-True-top_k_sv-10,24.09,52.802,58.5,84.0,79.60000000000001
eps.1024-eps.64.params-is_reduced-True-top_k_sv-20,24.057,52.786,58.5,84.0,79.60000000000001
eps.1024-eps.64.params-is_reduced-True-top_k_sv-100,24.073,52.794,58.5,84.0,79.60000000000001
eps.1024-eps.64.params-is_reduced-True-top_k_sv-500,24.073,52.794,58.5,84.0,79.60000000000001
eps.1024-eps.64.params-is_reduced-True-top_k_sv-800,24.073,52.794,58.5,84.0,79.60000000000001
eps.1024-eps.64.params-is_reduced-True-top_k_sv-1000,24.073,52.794,58.5,84.0,79.60000000000001
eps.1024-eps.64.params-is_reduced-False-top_k_sv-1,24.08,52.792,58.5,83.89999999999999,79.60000000000001
eps.1024-eps.64.params-is_reduced-False-top_k_sv-2,24.091,52.789,58.5,83.89999999999999,79.60000000000001
eps.1024-eps.64.params-is_reduced-False-top_k_sv-3,24.057,52.774,58.5,83.89999999999999,79.60000000000001
eps.1024-eps.64.params-is_reduced-False-top_k_sv-4,24.078,52.783,58.5,83.89999999999999,79.60000000000001
eps.1024-eps.64.params-is_reduced-False-top_k_sv-5,24.078,52.784,58.5,84.0,79.60000000000001
eps.1024-eps.64.params-is_reduced-False-top_k_sv-7,24.081,52.8,58.5,84.0,79.60000000000001
eps.1024-eps.64.params-is_reduced-False-top_k_sv-8,24.091,52.799,58.5,83.89999999999999,79.60000000000001
eps.1024-eps.64.params-is_reduced-False-top_k_sv-9,24.09,52.802,58.5,84.0,79.60000000000001
eps.1024-eps.64.params-is_reduced-False-top_k_sv-10,24.09,52.802,58.5,84.0,79.60000000000001
eps.1024-eps.64.params-is_reduced-False-top_k_sv-20,24.057,52.786,58.5,84.0,79.60000000000001
eps.1024-eps.64.params-is_reduced-False-top_k_sv-100,24.073,52.794,58.5,84.0,79.60000000000001
eps.1024-eps.64.params-is_reduced-False-top_k_sv-500,24.073,52.794,58.5,84.0,79.60000000000001
eps.1024-eps.64.params-is_reduced-False-top_k_sv-800,24.073,52.794,58.5,84.0,79.60000000000001
eps.1024-eps.64.params-is_reduced-False-top_k_sv-1000,24.073,52.794,58.5,84.0,79.60000000000001
eps.1024-eps.1024.params-is_reduced-True-top_k_sv-1,24.017,52.805,58.699999999999996,84.0,79.60000000000001
eps.1024-eps.1024.params-is_reduced-True-top_k_sv-2,24.036,52.811,58.699999999999996,84.0,79.60000000000001
eps.1024-eps.1024.params-is_reduced-True-top_k_sv-3,24.091,52.833,58.699999999999996,84.0,79.60000000000001
eps.1024-eps.1024.params-is_reduced-True-top_k_sv-4,24.074,52.822,58.699999999999996,84.0,79.60000000000001
eps.1024-eps.1024.params-is_reduced-True-top_k_sv-5,24.082,52.838,58.699999999999996,84.0,79.60000000000001
eps.1024-eps.1024.params-is_reduced-True-top_k_sv-7,24.067,52.835,58.8,84.0,79.60000000000001
eps.1024-eps.1024.params-is_reduced-True-top_k_sv-8,24.071,52.843,58.8,84.0,79.60000000000001
eps.1024-eps.1024.params-is_reduced-True-top_k_sv-9,24.074,52.843,58.8,84.0,79.60000000000001
eps.1024-eps.1024.params-is_reduced-True-top_k_sv-10,24.058,52.836,58.8,84.0,79.60000000000001
eps.1024-eps.1024.params-is_reduced-True-top_k_sv-20,24.058,52.834,58.8,84.0,79.60000000000001
eps.1024-eps.1024.params-is_reduced-True-top_k_sv-100,24.06,52.836,58.8,84.0,79.60000000000001
eps.1024-eps.1024.params-is_reduced-True-top_k_sv-500,24.06,52.836,58.8,84.0,79.60000000000001
eps.1024-eps.1024.params-is_reduced-True-top_k_sv-800,24.06,52.836,58.8,84.0,79.60000000000001
eps.1024-eps.1024.params-is_reduced-True-top_k_sv-1000,24.06,52.836,58.8,84.0,79.60000000000001
eps.1024-eps.1024.params-is_reduced-False-top_k_sv-1,24.017,52.805,58.699999999999996,84.0,79.60000000000001
eps.1024-eps.1024.params-is_reduced-False-top_k_sv-2,24.036,52.811,58.699999999999996,84.0,79.60000000000001
eps.1024-eps.1024.params-is_reduced-False-top_k_sv-3,24.091,52.833,58.699999999999996,84.0,79.60000000000001
eps.1024-eps.1024.params-is_reduced-False-top_k_sv-4,24.074,52.822,58.699999999999996,84.0,79.60000000000001
eps.1024-eps.1024.params-is_reduced-False-top_k_sv-5,24.082,52.838,58.699999999999996,84.0,79.60000000000001
eps.1024-eps.1024.params-is_reduced-False-top_k_sv-7,24.067,52.835,58.8,84.0,79.60000000000001
eps.1024-eps.1024.params-is_reduced-False-top_k_sv-8,24.071,52.843,58.8,84.0,79.60000000000001
eps.1024-eps.1024.params-is_reduced-False-top_k_sv-9,24.074,52.843,58.8,84.0,79.60000000000001
eps.1024-eps.1024.params-is_reduced-False-top_k_sv-10,24.058,52.836,58.8,84.0,79.60000000000001
eps.1024-eps.1024.params-is_reduced-False-top_k_sv-20,24.058,52.834,58.8,84.0,79.60000000000001
eps.1024-eps.1024.params-is_reduced-False-top_k_sv-100,24.06,52.836,58.8,84.0,79.60000000000001
eps.1024-eps.1024.params-is_reduced-False-top_k_sv-500,24.06,52.836,58.8,84.0,79.60000000000001
eps.1024-eps.1024.params-is_reduced-False-top_k_sv-800,24.06,52.836,58.8,84.0,79.60000000000001
eps.1024-eps.1024.params-is_reduced-False-top_k_sv-1000,24.06,52.836,58.8,84.0,79.60000000000001
