wmt22-ende.comet-mbr,bleu,chrf,bleurt,comet,cometkiwi
eps.4-eps.4,20.234,49.496,54.2,76.1,73.2
eps.4-eps.8,20.237,49.546,54.300000000000004,76.1,73.4
eps.4-eps.16,20.272,49.589,54.2,76.1,73.4
eps.4-eps.32,20.303,49.59,54.300000000000004,76.2,73.4
eps.4-eps.64,20.305,49.627,54.300000000000004,76.2,73.4
eps.4-eps.1024,20.338,49.614,54.400000000000006,76.2,73.4
eps.8-eps.4,21.135,50.226,55.1,77.9,75.1
eps.8-eps.8,21.055,50.125,55.400000000000006,78.10000000000001,75.2
eps.8-eps.16,21.127,50.246,55.400000000000006,78.10000000000001,75.3
eps.8-eps.32,21.148,50.243,55.400000000000006,78.10000000000001,75.3
eps.8-eps.64,21.138,50.202,55.400000000000006,78.2,75.2
eps.8-eps.1024,21.232,50.332,55.50000000000001,78.2,75.3
eps.16-eps.4,21.929,50.734,56.10000000000001,79.5,76.2
eps.16-eps.8,22.135,50.946,56.3,79.60000000000001,76.3
eps.16-eps.16,22.034,50.894,56.39999999999999,79.80000000000001,76.5
eps.16-eps.32,22.2,51.021,56.49999999999999,79.80000000000001,76.5
eps.16-eps.64,22.205,50.977,56.39999999999999,79.9,76.4
eps.16-eps.1024,22.222,51.013,56.49999999999999,79.9,76.5
eps.32-eps.4,22.042,50.999,56.599999999999994,80.5,77.0
eps.32-eps.8,22.509,51.445,56.89999999999999,80.7,77.2
eps.32-eps.16,22.539,51.397,57.199999999999996,81.0,77.5
eps.32-eps.32,22.522,51.483,57.099999999999994,81.0,77.4
eps.32-eps.64,22.579,51.471,57.099999999999994,81.10000000000001,77.5
eps.32-eps.1024,22.501,51.47,57.199999999999996,81.10000000000001,77.60000000000001
eps.64-eps.4,22.85,51.779,57.3,81.3,77.60000000000001
eps.64-eps.8,23.161,51.914,57.4,81.6,77.8
eps.64-eps.16,23.104,52.047,57.699999999999996,81.8,78.10000000000001
eps.64-eps.32,23.14,52.019,57.699999999999996,81.89999999999999,78.10000000000001
eps.64-eps.64,23.282,52.02,57.699999999999996,81.89999999999999,78.10000000000001
eps.64-eps.1024,23.196,52.13,57.9,82.0,78.10000000000001
eps.1024-eps.4,23.426,52.192,57.99999999999999,83.1,79.0
eps.1024-eps.8,23.536,52.465,58.4,83.5,79.2
eps.1024-eps.16,23.682,52.634,58.4,83.8,79.4
eps.1024-eps.32,23.733,52.76,58.599999999999994,83.89999999999999,79.4
eps.1024-eps.64,24.057,52.786,58.5,84.0,79.60000000000001
eps.1024-eps.1024,24.06,52.836,58.8,84.0,79.60000000000001
